AE222C,167951,P8,10,Boeing P-8 Poseidon
AE222D,167952,P8,10,Boeing P-8 Poseidon
AE222E,167953,P8,10,Boeing P-8 Poseidon
AE222F,167954,P8,10,Boeing P-8 Poseidon
AE2230,167955,P8,10,Boeing P-8 Poseidon
AE4EB1,167956,P8,10,Boeing P-8 Poseidon
AE4EB2,168428,P8,10,Boeing P-8 Poseidon
AE4EB3,168429,P8,10,Boeing P-8 Poseidon
AE4EB4,168430,P8,10,Boeing P-8 Poseidon
AE4EB5,168431,P8,10,Boeing P-8 Poseidon
AE4EB6,168432,P8,10,Boeing P-8 Poseidon
AE4EB7,168433,P8,10,Boeing P-8 Poseidon
AE4EB8,168434,P8,10,Boeing P-8 Poseidon
AE4EB9,168435,P8,10,Boeing P-8 Poseidon
AE4EBA,168436,P8,10,Boeing P-8 Poseidon
AE4EBB,168437,P8,10,Boeing P-8 Poseidon
AE4EBC,168438,P8,10,Boeing P-8 Poseidon
AE4EBD,168439,P8,10,Boeing P-8 Poseidon
AE4EBE,168440,P8,10,Boeing P-8 Poseidon
AE4EBF,168754,P8,10,Boeing P-8 Poseidon
AE4EC0,168755,P8,10,Boeing P-8 Poseidon
AE4EC2,168757,P8,10,Boeing P-8 Poseidon
AE4EC3,168758,P8,10,Boeing P-8 Poseidon
AE4EC4,168759,P8,10,Boeing P-8 Poseidon
AE4EC5,168760,P8,10,Boeing P-8 Poseidon
AE4EC6,168761,P8,10,Boeing P-8 Poseidon
AE4EC7,168762,P8,10,Boeing P-8 Poseidon
AE4EC8,168763,P8,10,Boeing P-8 Poseidon
AE4EC9,168764,P8,10,Boeing P-8 Poseidon
AE57B4,168848,P8,10,Boeing P-8 Poseidon
AE57B5,168849,P8,10,Boeing P-8 Poseidon
AE57B6,168850,P8,10,Boeing P-8 Poseidon
AE57B7,168851,P8,10,Boeing P-8 Poseidon
AE57B8,168852,P8,10,Boeing P-8 Poseidon
AE57B9,168853,P8,10,Boeing P-8 Poseidon
AE57BA,168854,P8,10,Boeing P-8 Poseidon
AE57BB,168855,P8,10,Boeing P-8 Poseidon
AE57BC,168856,P8,10,Boeing P-8 Poseidon
AE57BD,168857,P8,10,Boeing P-8 Poseidon
AE57BE,168858,P8,10,Boeing P-8 Poseidon
AE57BF,168859,P8,10,Boeing P-8 Poseidon
AE57C0,168860,P8,10,Boeing P-8 Poseidon
AE57C1,168996,P8,10,Boeing P-8 Poseidon
AE57C2,168997,P8,10,Boeing P-8 Poseidon
AE57C4,168999,P8,10,Boeing P-8 Poseidon
AE57C5,169000,P8,10,Boeing P-8 Poseidon
AE57C6,169001,P8,10,Boeing P-8 Poseidon
AE57C7,169002,P8,10,Boeing P-8 Poseidon
AE57C8,169003,P8,10,Boeing P-8 Poseidon
AE57CA,169005,P8,10,Boeing P-8 Poseidon
AE57CB,169006,P8,10,Boeing P-8 Poseidon
AE57CC,169007,P8,10,Boeing P-8 Poseidon
AE57CD,169008,P8,10,Boeing P-8 Poseidon
AE57CE,169009,P8,10,Boeing P-8 Poseidon
AE57CF,169010,P8,10,Boeing P-8 Poseidon
AE57D0,169011,P8,10,Boeing P-8 Poseidon
AE5C57,169325,P8,10,Boeing P-8 Poseidon
AE5C58,169326,P8,10,Boeing P-8 Poseidon
AE5C59,169327,P8,10,Boeing P-8 Poseidon
AE5C5A,169328,P8,10,Boeing P-8 Poseidon
AE5C5B,169329,P8,10,Boeing P-8 Poseidon
AE5C5C,169330,P8,10,Boeing P-8 Poseidon
AE5C5D,169331,P8,10,Boeing P-8 Poseidon
AE5C5E,169332,P8,10,Boeing P-8 Poseidon
AE5C5F,169333,P8,10,Boeing P-8 Poseidon
AE5C60,169334,P8,10,Boeing P-8 Poseidon
AE5C61,169335,P8,10,Boeing P-8 Poseidon
AE5C66,169340,P8,10,Boeing P-8 Poseidon
AE5C67,169341,P8,10,Boeing P-8 Poseidon
AE5C68,169342,P8,10,Boeing P-8 Poseidon
AE5C69,169343,P8,10,Boeing P-8 Poseidon
AE5C6A,169344,P8,10,Boeing P-8 Poseidon
AE5C6B,169345,P8,10,Boeing P-8 Poseidon
AE5C6C,169346,P8,10,Boeing P-8 Poseidon
AE5C6D,169347,P8,10,Boeing P-8 Poseidon
AE5E17,169349,P8,10,Boeing P-8 Poseidon
AE5E18,169426,P8,10,Boeing P-8 Poseidon
AE5F37,169542,P8,10,Boeing P-8 Poseidon
AE5F38,169543,P8,10,Boeing P-8 Poseidon
AE5F39,169544,P8,10,Boeing P-8 Poseidon
AE5F3A,169545,P8,10,Boeing P-8 Poseidon
AE5F3B,169546,P8,10,Boeing P-8 Poseidon
AE5F3C,169547,P8,10,Boeing P-8 Poseidon
AE5F3D,169548,P8,10,Boeing P-8 Poseidon
AE5F3E,169549,P8,10,Boeing P-8 Poseidon
AE5F40,169551,P8,10,Boeing P-8 Poseidon
AE5F41,169552,P8,10,Boeing P-8 Poseidon
AE5F42,169553,P8,10,Boeing P-8 Poseidon
AE5F43,169554,P8,10,Boeing P-8 Poseidon
AE5F44,169555,P8,10,Boeing P-8 Poseidon
AE5F45,169556,P8,10,Boeing P-8 Poseidon
AE5F46,169557,P8,10,Boeing P-8 Poseidon
AE5F47,169558,P8,10,Boeing P-8 Poseidon
AE5F48,169559,P8,10,Boeing P-8 Poseidon
AE5F49,169560,P8,10,Boeing P-8 Poseidon
AE5F4A,169561,P8,10,Boeing P-8 Poseidon
AE5F4B,169562,P8,10,Boeing P-8 Poseidon
AE5F4C,169563,P8,10,Boeing P-8 Poseidon
AE5F4E,169565,P8,10,Boeing P-8 Poseidon
AE5F4F,169566,P8,10,Boeing P-8 Poseidon
AE5F50,169567,P8,10,Boeing P-8 Poseidon
AE5F51,169568,P8,10,Boeing P-8 Poseidon
AE5F52,169569,P8,10,Boeing P-8 Poseidon
AE5F53,169570,P8,10,Boeing P-8 Poseidon
AE5F54,169571,P8,10,Boeing P-8 Poseidon
AE5F55,169572,P8,10,Boeing P-8 Poseidon
AE5F56,169324,P8,10,Boeing P-8 Poseidon
