ADFF04,95-3002,TEX2,10,Raytheon T-6A Texan II
ADFF05,95-3003,TEX2,10,Raytheon T-6A Texan II
ADFF06,95-3004,TEX2,10,Raytheon T-6A Texan II
ADFF07,95-3005,TEX2,10,Raytheon T-6A Texan II
ADFF08,95-3006,TEX2,10,Raytheon T-6A Texan II
ADFF09,95-3007,TEX2,10,Raytheon T-6A Texan II
AE08B3,165958,TEX2,10,Raytheon T-6B Texan II
AE08B5,165960,TEX2,10,Raytheon T-6B Texan II
AE08B6,165961,TEX2,10,Raytheon T-6B Texan II
AE08B8,165963,TEX2,10,Raytheon T-6B Texan II
AE08B9,165964,TEX2,10,Raytheon T-6B Texan II
AE08BA,165965,TEX2,10,Raytheon T-6B Texan II
AE08BB,165966,TEX2,10,Raytheon T-6B Texan II
AE08BC,165967,TEX2,10,Raytheon T-6B Texan II
AE08BD,165968,TEX2,10,Raytheon T-6B Texan II
AE113C,165970,TEX2,10,Raytheon T-6B Texan II
AE113D,165971,TEX2,10,Raytheon T-6B Texan II
AE113E,165972,TEX2,10,Raytheon T-6B Texan II
AE113F,165973,TEX2,10,Raytheon T-6B Texan II
AE1140,165974,TEX2,10,Raytheon T-6B Texan II
AE1141,165975,TEX2,10,Raytheon T-6B Texan II
AE1142,165976,TEX2,10,Raytheon T-6B Texan II
AE1143,165977,TEX2,10,Raytheon T-6B Texan II
AE1144,165978,TEX2,10,Raytheon T-6B Texan II
AE1145,165979,TEX2,10,Raytheon T-6B Texan II
AE1146,165980,TEX2,10,Raytheon T-6B Texan II
AE1147,165981,TEX2,10,Raytheon T-6B Texan II
AE1148,165982,TEX2,10,Raytheon T-6B Texan II
AE1149,165983,TEX2,10,Raytheon T-6B Texan II
AE114A,165984,TEX2,10,Raytheon T-6B Texan II
AE114B,165985,TEX2,10,Raytheon T-6B Texan II
AE114C,165986,TEX2,10,Raytheon T-6B Texan II
AE114D,165987,TEX2,10,Raytheon T-6B Texan II
AE114E,165988,TEX2,10,Raytheon T-6B Texan II
AE114F,165989,TEX2,10,Raytheon T-6B Texan II
AE1150,165990,TEX2,10,Raytheon T-6B Texan II
AE1151,165991,TEX2,10,Raytheon T-6B Texan II
AE1152,165992,TEX2,10,Raytheon T-6B Texan II
AE1153,165993,TEX2,10,Raytheon T-6B Texan II
AE1154,165994,TEX2,10,Raytheon T-6B Texan II
AE1155,165995,TEX2,10,Raytheon T-6B Texan II
AE1156,165996,TEX2,10,Raytheon T-6B Texan II
AE1157,165997,TEX2,10,Raytheon T-6B Texan II
AE1158,165998,TEX2,10,Raytheon T-6B Texan II
AE1159,165999,TEX2,10,Raytheon T-6B Texan II
AE115A,166000,TEX2,10,Raytheon T-6B Texan II
AE171D,166010,TEX2,10,Raytheon T-6B Texan II
AE1E6A,166012,TEX2,10,Raytheon T-6B Texan II
AE1E6B,166013,TEX2,10,Raytheon T-6B Texan II
AE1E6C,166014,TEX2,10,Raytheon T-6B Texan II
AE1E6D,166015,TEX2,10,Raytheon T-6B Texan II
AE1E6E,166016,TEX2,10,Raytheon T-6B Texan II
AE1E6F,166017,TEX2,10,Raytheon T-6B Texan II
AE1E70,166018,TEX2,10,Raytheon T-6B Texan II
AE1E71,166019,TEX2,10,Raytheon T-6B Texan II
AE1E72,166020,TEX2,10,Raytheon T-6B Texan II
AE1E73,166021,TEX2,10,Raytheon T-6B Texan II
AE1E74,166022,TEX2,10,Raytheon T-6B Texan II
AE1E75,166023,TEX2,10,Raytheon T-6B Texan II
AE1E76,166024,TEX2,10,Raytheon T-6B Texan II
AE1E77,166025,TEX2,10,Raytheon T-6B Texan II
AE1E78,166026,TEX2,10,Raytheon T-6B Texan II
AE1E79,166027,TEX2,10,Raytheon T-6B Texan II
AE1E7A,166028,TEX2,10,Raytheon T-6B Texan II
AE1E7B,166029,TEX2,10,Raytheon T-6B Texan II
AE1E7C,166030,TEX2,10,Raytheon T-6B Texan II
AE1E7D,166031,TEX2,10,Raytheon T-6B Texan II
AE1E7E,166032,TEX2,10,Raytheon T-6B Texan II
AE1E7F,166033,TEX2,10,Raytheon T-6B Texan II
AE1E80,166034,TEX2,10,Raytheon T-6B Texan II
AE1E81,166035,TEX2,10,Raytheon T-6B Texan II
AE1E82,166036,TEX2,10,Raytheon T-6B Texan II
AE1E83,166037,TEX2,10,Raytheon T-6B Texan II
AE1E84,166038,TEX2,10,Raytheon T-6B Texan II
AE1E85,166039,TEX2,10,Raytheon T-6B Texan II
AE1E86,166040,TEX2,10,Raytheon T-6B Texan II
AE1EAE,166041,TEX2,10,Raytheon T-6B Texan II
AE1EAF,166042,TEX2,10,Raytheon T-6B Texan II
AE1EB0,166043,TEX2,10,Raytheon T-6B Texan II
AE1EB1,166044,TEX2,10,Raytheon T-6B Texan II
AE1EB2,166045,TEX2,10,Raytheon T-6B Texan II
AE1EB3,166046,TEX2,10,Raytheon T-6B Texan II
AE1EB4,166047,TEX2,10,Raytheon T-6B Texan II
AE1EB5,166048,TEX2,10,Raytheon T-6B Texan II
AE1EB6,166049,TEX2,10,Raytheon T-6B Texan II
AE1EB7,166050,TEX2,10,Raytheon T-6B Texan II
AE1EB8,166051,TEX2,10,Raytheon T-6B Texan II
AE1EB9,166052,TEX2,10,Raytheon T-6B Texan II
AE1EBA,166053,TEX2,10,Raytheon T-6B Texan II
AE1EBB,166054,TEX2,10,Raytheon T-6B Texan II
AE1EBC,166055,TEX2,10,Raytheon T-6B Texan II
AE1EBE,166057,TEX2,10,Raytheon T-6B Texan II
AE1EBF,166058,TEX2,10,Raytheon T-6B Texan II
AE1EC0,166059,TEX2,10,Raytheon T-6B Texan II
AE1EC1,166060,TEX2,10,Raytheon T-6B Texan II
AE1EC2,166061,TEX2,10,Raytheon T-6B Texan II
AE1EC3,166062,TEX2,10,Raytheon T-6B Texan II
AE1EC4,166063,TEX2,10,Raytheon T-6B Texan II
AE1EC5,166064,TEX2,10,Raytheon T-6B Texan II
AE1EC6,166065,TEX2,10,Raytheon T-6B Texan II
AE1EC7,166066,TEX2,10,Raytheon T-6B Texan II
AE1EC8,166067,TEX2,10,Raytheon T-6B Texan II
AE1EC9,166068,TEX2,10,Raytheon T-6B Texan II
AE1ECA,166069,TEX2,10,Raytheon T-6B Texan II
AE1ECB,166070,TEX2,10,Raytheon T-6B Texan II
AE1ECC,166071,TEX2,10,Raytheon T-6B Texan II
AE1ECD,166072,TEX2,10,Raytheon T-6B Texan II
AE1ECE,166073,TEX2,10,Raytheon T-6B Texan II
AE1ECF,166074,TEX2,10,Raytheon T-6B Texan II
AE1ED0,166075,TEX2,10,Raytheon T-6B Texan II
AE1ED1,166076,TEX2,10,Raytheon T-6B Texan II
AE1ED2,166077,TEX2,10,Raytheon T-6B Texan II
AE1ED3,166078,TEX2,10,Raytheon T-6B Texan II
AE1ED4,166079,TEX2,10,Raytheon T-6B Texan II
AE1ED5,166080,TEX2,10,Raytheon T-6B Texan II
AE1ED6,166081,TEX2,10,Raytheon T-6B Texan II
AE1ED7,166082,TEX2,10,Raytheon T-6B Texan II
AE1ED8,166083,TEX2,10,Raytheon T-6B Texan II
AE1ED9,166084,TEX2,10,Raytheon T-6B Texan II
AE2ED2,166085,TEX2,10,Raytheon T-6B Texan II
AE2ED3,166086,TEX2,10,Raytheon T-6B Texan II
AE2ED4,166087,TEX2,10,Raytheon T-6B Texan II
AE2ED5,166088,TEX2,10,Raytheon T-6B Texan II
AE2ED6,166089,TEX2,10,Raytheon T-6B Texan II
AE2ED7,166090,TEX2,10,Raytheon T-6B Texan II
AE2ED8,166091,TEX2,10,Raytheon T-6B Texan II
AE2ED9,166092,TEX2,10,Raytheon T-6B Texan II
AE2EDA,166093,TEX2,10,Raytheon T-6B Texan II
AE2EDB,166094,TEX2,10,Raytheon T-6B Texan II
AE2EDC,166095,TEX2,10,Raytheon T-6B Texan II
AE2EDD,166096,TEX2,10,Raytheon T-6B Texan II
AE2EDE,166097,TEX2,10,Raytheon T-6B Texan II
AE2EDF,166098,TEX2,10,Raytheon T-6B Texan II
AE2EE0,166099,TEX2,10,Raytheon T-6B Texan II
AE2EE1,166100,TEX2,10,Raytheon T-6B Texan II
AE2EE2,166101,TEX2,10,Raytheon T-6B Texan II
AE2EE3,166102,TEX2,10,Raytheon T-6B Texan II
AE2EE4,166103,TEX2,10,Raytheon T-6B Texan II
AE2EE5,166104,TEX2,10,Raytheon T-6B Texan II
AE2EE6,166105,TEX2,10,Raytheon T-6B Texan II
AE2EE7,166106,TEX2,10,Raytheon T-6B Texan II
AE2EE8,166107,TEX2,10,Raytheon T-6B Texan II
AE2EE9,166108,TEX2,10,Raytheon T-6B Texan II
AE2EEA,166109,TEX2,10,Raytheon T-6B Texan II
AE2EEB,166110,TEX2,10,Raytheon T-6B Texan II
AE2EEC,166111,TEX2,10,Raytheon T-6B Texan II
AE2EED,166112,TEX2,10,Raytheon T-6B Texan II
AE2EEE,166113,TEX2,10,Raytheon T-6B Texan II
AE2EEF,166114,TEX2,10,Raytheon T-6B Texan II
AE2EF0,166115,TEX2,10,Raytheon T-6B Texan II
AE2EF1,166116,TEX2,10,Raytheon T-6B Texan II
AE2EF2,166117,TEX2,10,Raytheon T-6B Texan II
AE2EF3,166118,TEX2,10,Raytheon T-6B Texan II
AE2EF4,166119,TEX2,10,Raytheon T-6B Texan II
AE2EF5,166120,TEX2,10,Raytheon T-6B Texan II
AE2EF6,166121,TEX2,10,Raytheon T-6B Texan II
AE2EF7,166122,TEX2,10,Raytheon T-6B Texan II
AE2EF8,166123,TEX2,10,Raytheon T-6B Texan II
AE2EF9,166124,TEX2,10,Raytheon T-6B Texan II
AE2EFA,166125,TEX2,10,Raytheon T-6B Texan II
AE2EFB,166126,TEX2,10,Raytheon T-6B Texan II
AE2EFC,166127,TEX2,10,Raytheon T-6B Texan II
AE4A09,166128,TEX2,10,Raytheon T-6B Texan II
AE4A0A,166129,TEX2,10,Raytheon T-6B Texan II
AE4A0B,166130,TEX2,10,Raytheon T-6B Texan II
AE4A0C,166131,TEX2,10,Raytheon T-6B Texan II
AE4A0D,166132,TEX2,10,Raytheon T-6B Texan II
AE4A0E,166133,TEX2,10,Raytheon T-6B Texan II
AE4A0F,166134,TEX2,10,Raytheon T-6B Texan II
AE4A10,166135,TEX2,10,Raytheon T-6B Texan II
AE4A11,166136,TEX2,10,Raytheon T-6B Texan II
AE4A12,166137,TEX2,10,Raytheon T-6B Texan II
AE4A13,166138,TEX2,10,Raytheon T-6B Texan II
AE4A14,166139,TEX2,10,Raytheon T-6B Texan II
AE4A15,166140,TEX2,10,Raytheon T-6B Texan II
AE4A16,166141,TEX2,10,Raytheon T-6B Texan II
AE4A17,166142,TEX2,10,Raytheon T-6B Texan II
AE4A18,166143,TEX2,10,Raytheon T-6B Texan II
AE4A19,166144,TEX2,10,Raytheon T-6B Texan II
AE4A1A,166145,TEX2,10,Raytheon T-6B Texan II
AE4A1B,166146,TEX2,10,Raytheon T-6B Texan II
AE4A1C,166147,TEX2,10,Raytheon T-6B Texan II
AE4A1D,166148,TEX2,10,Raytheon T-6B Texan II
AE4A1E,166149,TEX2,10,Raytheon T-6B Texan II
AE4A1F,166150,TEX2,10,Raytheon T-6B Texan II
AE4A20,166151,TEX2,10,Raytheon T-6B Texan II
AE4A21,166152,TEX2,10,Raytheon T-6B Texan II
AE4A22,166153,TEX2,10,Raytheon T-6B Texan II
AE4A23,166154,TEX2,10,Raytheon T-6B Texan II
AE4A24,166155,TEX2,10,Raytheon T-6B Texan II
AE4A25,166156,TEX2,10,Raytheon T-6B Texan II
AE4A26,166157,TEX2,10,Raytheon T-6B Texan II
AE4A27,166158,TEX2,10,Raytheon T-6B Texan II
AE4A28,166159,TEX2,10,Raytheon T-6B Texan II
AE4A29,166160,TEX2,10,Raytheon T-6B Texan II
AE4A2A,166161,TEX2,10,Raytheon T-6B Texan II
AE4A2B,166162,TEX2,10,Raytheon T-6B Texan II
AE4A2C,166163,TEX2,10,Raytheon T-6B Texan II
AE4E8D,166164,TEX2,10,Raytheon T-6B Texan II
AE4E8E,166165,TEX2,10,Raytheon T-6B Texan II
AE4E8F,166166,TEX2,10,Raytheon T-6B Texan II
AE4E90,166167,TEX2,10,Raytheon T-6B Texan II
AE4E91,166168,TEX2,10,Raytheon T-6B Texan II
AE4E92,166169,TEX2,10,Raytheon T-6B Texan II
AE4E93,166170,TEX2,10,Raytheon T-6B Texan II
AE4E94,166171,TEX2,10,Raytheon T-6B Texan II
AE4E95,166199,TEX2,10,Raytheon T-6B Texan II
AE4E96,166172,TEX2,10,Raytheon T-6B Texan II
AE4E97,166173,TEX2,10,Raytheon T-6B Texan II
AE4E98,166174,TEX2,10,Raytheon T-6B Texan II
AE4E99,166175,TEX2,10,Raytheon T-6B Texan II
AE4E9A,166176,TEX2,10,Raytheon T-6B Texan II
AE4E9B,166177,TEX2,10,Raytheon T-6B Texan II
AE4E9C,166178,TEX2,10,Raytheon T-6B Texan II
AE4E9D,166179,TEX2,10,Raytheon T-6B Texan II
AE4E9E,166180,TEX2,10,Raytheon T-6B Texan II
AE4E9F,166181,TEX2,10,Raytheon T-6B Texan II
AE4EA0,166182,TEX2,10,Raytheon T-6B Texan II
AE4EA1,166183,TEX2,10,Raytheon T-6B Texan II
AE4EA2,166184,TEX2,10,Raytheon T-6B Texan II
AE4EA3,166185,TEX2,10,Raytheon T-6B Texan II
AE4EA4,166186,TEX2,10,Raytheon T-6B Texan II
AE4EA5,166187,TEX2,10,Raytheon T-6B Texan II
AE4EA6,166188,TEX2,10,Raytheon T-6B Texan II
AE4EA7,166189,TEX2,10,Raytheon T-6B Texan II
AE4EA8,166190,TEX2,10,Raytheon T-6B Texan II
AE4EA9,166191,TEX2,10,Raytheon T-6B Texan II
AE4EAA,166192,TEX2,10,Raytheon T-6B Texan II
AE4EAB,166193,TEX2,10,Raytheon T-6B Texan II
AE4EAC,166194,TEX2,10,Raytheon T-6B Texan II
AE4EAD,166195,TEX2,10,Raytheon T-6B Texan II
AE4EAE,166196,TEX2,10,Raytheon T-6B Texan II
AE4EAF,166197,TEX2,10,Raytheon T-6B Texan II
AE4EB0,166198,TEX2,10,Raytheon T-6B Texan II
AE54DA,166200,TEX2,10,Raytheon T-6B Texan II
AE54DB,166201,TEX2,10,Raytheon T-6B Texan II
AE54DC,166202,TEX2,10,Raytheon T-6B Texan II
AE54DD,166203,TEX2,10,Raytheon T-6B Texan II
AE54DE,166204,TEX2,10,Raytheon T-6B Texan II
AE54DF,166205,TEX2,10,Raytheon T-6B Texan II
AE54E0,166206,TEX2,10,Raytheon T-6B Texan II
AE54E1,166207,TEX2,10,Raytheon T-6B Texan II
AE54E2,166208,TEX2,10,Raytheon T-6B Texan II
AE54E3,166209,TEX2,10,Raytheon T-6B Texan II
AE54E4,166210,TEX2,10,Raytheon T-6B Texan II
AE54E5,166211,TEX2,10,Raytheon T-6B Texan II
AE54E6,166212,TEX2,10,Raytheon T-6B Texan II
AE54E7,166213,TEX2,10,Raytheon T-6B Texan II
AE54E8,166214,TEX2,10,Raytheon T-6B Texan II
AE54E9,166215,TEX2,10,Raytheon T-6B Texan II
AE54EA,166216,TEX2,10,Raytheon T-6B Texan II
AE54EB,166217,TEX2,10,Raytheon T-6B Texan II
AE54EC,166218,TEX2,10,Raytheon T-6B Texan II
AE54ED,166219,TEX2,10,Raytheon T-6B Texan II
AE54EE,166220,TEX2,10,Raytheon T-6B Texan II
AE54EF,166221,TEX2,10,Raytheon T-6B Texan II
AE54F1,166223,TEX2,10,Raytheon T-6B Texan II
AE54F2,166224,TEX2,10,Raytheon T-6B Texan II
AE54F3,166225,TEX2,10,Raytheon T-6B Texan II
AE54F4,166226,TEX2,10,Raytheon T-6B Texan II
AE54F5,166227,TEX2,10,Raytheon T-6B Texan II
AE54F6,166228,TEX2,10,Raytheon T-6B Texan II
AE54F7,166229,TEX2,10,Raytheon T-6B Texan II
AE54F8,166230,TEX2,10,Raytheon T-6B Texan II
AE54F9,166231,TEX2,10,Raytheon T-6B Texan II
AE54FA,166232,TEX2,10,Raytheon T-6B Texan II
AE58DE,166233,TEX2,10,Raytheon T-6B Texan II
AE58DF,166234,TEX2,10,Raytheon T-6B Texan II
AE58E0,166235,TEX2,10,Raytheon T-6B Texan II
AE58E1,166236,TEX2,10,Raytheon T-6B Texan II
AE58E2,166237,TEX2,10,Raytheon T-6B Texan II
AE58E3,166238,TEX2,10,Raytheon T-6B Texan II
AE58E4,166239,TEX2,10,Raytheon T-6B Texan II
AE58E5,166240,TEX2,10,Raytheon T-6B Texan II
AE58E6,166241,TEX2,10,Raytheon T-6B Texan II
AE58E7,166242,TEX2,10,Raytheon T-6B Texan II
AE58E8,166243,TEX2,10,Raytheon T-6B Texan II
AE58E9,166244,TEX2,10,Raytheon T-6B Texan II
AE58EA,166245,TEX2,10,Raytheon T-6B Texan II
AE58EB,166246,TEX2,10,Raytheon T-6B Texan II
AE58EC,166247,TEX2,10,Raytheon T-6B Texan II
AE58ED,166248,TEX2,10,Raytheon T-6B Texan II
AE58EE,166249,TEX2,10,Raytheon T-6B Texan II
AE58EF,166250,TEX2,10,Raytheon T-6B Texan II
AE58F0,166251,TEX2,10,Raytheon T-6B Texan II
AE58F1,166252,TEX2,10,Raytheon T-6B Texan II
AE58F2,166253,TEX2,10,Raytheon T-6B Texan II
AE58F3,166254,TEX2,10,Raytheon T-6B Texan II
AE58F4,166255,TEX2,10,Raytheon T-6B Texan II
AE58F5,166256,TEX2,10,Raytheon T-6B Texan II
AE58F6,166257,TEX2,10,Raytheon T-6B Texan II
AE58F7,166258,TEX2,10,Raytheon T-6B Texan II
AE58F8,166259,TEX2,10,Raytheon T-6B Texan II
AE58F9,166260,TEX2,10,Raytheon T-6B Texan II
AE58FA,166261,TEX2,10,Raytheon T-6B Texan II
AE10F2,01-3598,TEX2,10,Raytheon T-6A Texan II
AE10F3,01-3599,TEX2,10,Raytheon T-6A Texan II
AE10F4,01-3600,TEX2,10,Raytheon T-6A Texan II
AE10F5,01-3601,TEX2,10,Raytheon T-6A Texan II
AE10F6,01-3602,TEX2,10,Raytheon T-6A Texan II
AE10F7,01-3603,TEX2,10,Raytheon T-6A Texan II
AE10F8,01-3604,TEX2,10,Raytheon T-6A Texan II
AE10F9,01-3605,TEX2,10,Raytheon T-6A Texan II
AE10FA,01-3606,TEX2,10,Raytheon T-6A Texan II
AE10FB,01-3607,TEX2,10,Raytheon T-6A Texan II
AE10FC,01-3608,TEX2,10,Raytheon T-6A Texan II
AE10FD,01-3609,TEX2,10,Raytheon T-6A Texan II
AE10FE,01-3610,TEX2,10,Raytheon T-6A Texan II
AE10FF,01-3611,TEX2,10,Raytheon T-6A Texan II
AE1100,01-3612,TEX2,10,Raytheon T-6A Texan II
AE1102,01-3614,TEX2,10,Raytheon T-6A Texan II
AE1104,01-3616,TEX2,10,Raytheon T-6A Texan II
AE1105,01-3617,TEX2,10,Raytheon T-6A Texan II
AE1106,01-3618,TEX2,10,Raytheon T-6A Texan II
AE1108,01-3620,TEX2,10,Raytheon T-6A Texan II
AE1109,01-3621,TEX2,10,Raytheon T-6A Texan II
AE110A,01-3622,TEX2,10,Raytheon T-6A Texan II
AE110B,01-3623,TEX2,10,Raytheon T-6A Texan II
AE110C,01-3624,TEX2,10,Raytheon T-6A Texan II
AE110D,01-3625,TEX2,10,Raytheon T-6A Texan II
AE110E,01-3626,TEX2,10,Raytheon T-6A Texan II
AE110F,01-3627,TEX2,10,Raytheon T-6A Texan II
AE1110,01-3628,TEX2,10,Raytheon T-6A Texan II
AE1111,01-3629,TEX2,10,Raytheon T-6A Texan II
AE1112,01-3630,TEX2,10,Raytheon T-6A Texan II
AE1113,01-3631,TEX2,10,Raytheon T-6A Texan II
AE1114,01-3632,TEX2,10,Raytheon T-6A Texan II
AE1115,02-3633,TEX2,10,Raytheon T-6A Texan II
AE1116,02-3634,TEX2,10,Raytheon T-6A Texan II
AE1117,02-3635,TEX2,10,Raytheon T-6A Texan II
AE1118,02-3636,TEX2,10,Raytheon T-6A Texan II
AE1119,02-3637,TEX2,10,Raytheon T-6A Texan II
AE111A,02-3638,TEX2,10,Raytheon T-6A Texan II
AE111B,02-3639,TEX2,10,Raytheon T-6A Texan II
AE111C,02-3640,TEX2,10,Raytheon T-6A Texan II
AE111D,02-3641,TEX2,10,Raytheon T-6A Texan II
AE111E,02-3642,TEX2,10,Raytheon T-6A Texan II
AE111F,02-3643,TEX2,10,Raytheon T-6A Texan II
AE1120,02-3645,TEX2,10,Raytheon T-6A Texan II
AE1121,02-3646,TEX2,10,Raytheon T-6A Texan II
AE1122,02-3647,TEX2,10,Raytheon T-6A Texan II
AE1123,02-3648,TEX2,10,Raytheon T-6A Texan II
AE1124,02-3649,TEX2,10,Raytheon T-6A Texan II
AE1125,02-3650,TEX2,10,Raytheon T-6A Texan II
AE1126,02-3651,TEX2,10,Raytheon T-6A Texan II
AE1127,02-3652,TEX2,10,Raytheon T-6A Texan II
AE1128,02-3653,TEX2,10,Raytheon T-6A Texan II
AE1129,02-3654,TEX2,10,Raytheon T-6A Texan II
AE112A,02-3655,TEX2,10,Raytheon T-6A Texan II
AE112B,02-3656,TEX2,10,Raytheon T-6A Texan II
AE112C,02-3657,TEX2,10,Raytheon T-6A Texan II
AE112D,02-3658,TEX2,10,Raytheon T-6A Texan II
AE112E,02-3659,TEX2,10,Raytheon T-6A Texan II
AE112F,02-3660,TEX2,10,Raytheon T-6A Texan II
AE1130,02-3661,TEX2,10,Raytheon T-6A Texan II
AE1131,02-3662,TEX2,10,Raytheon T-6A Texan II
AE1132,02-3663,TEX2,10,Raytheon T-6A Texan II
AE1133,02-3664,TEX2,10,Raytheon T-6A Texan II
AE1134,02-3665,TEX2,10,Raytheon T-6A Texan II
AE1135,02-3666,TEX2,10,Raytheon T-6A Texan II
AE1136,02-3667,TEX2,10,Raytheon T-6A Texan II
AE1137,02-3668,TEX2,10,Raytheon T-6A Texan II
AE1138,02-3669,TEX2,10,Raytheon T-6A Texan II
AE1139,02-3670,TEX2,10,Raytheon T-6A Texan II
AE113A,02-3671,TEX2,10,Raytheon T-6A Texan II
AE113B,02-3672,TEX2,10,Raytheon T-6A Texan II
AE11AB,03-3673,TEX2,10,Raytheon T-6A Texan II
AE11AC,03-3674,TEX2,10,Raytheon T-6A Texan II
AE11AD,03-3675,TEX2,10,Raytheon T-6A Texan II
AE11AE,03-3676,TEX2,10,Raytheon T-6A Texan II
AE11AF,03-3677,TEX2,10,Raytheon T-6A Texan II
AE11B0,03-3678,TEX2,10,Raytheon T-6A Texan II
AE11B1,03-3679,TEX2,10,Raytheon T-6A Texan II
AE11B2,03-3680,TEX2,10,Raytheon T-6A Texan II
AE11B3,03-3681,TEX2,10,Raytheon T-6A Texan II
AE11B4,03-3682,TEX2,10,Raytheon T-6A Texan II
AE11B5,03-3683,TEX2,10,Raytheon T-6A Texan II
AE11B6,03-3684,TEX2,10,Raytheon T-6A Texan II
AE11B7,03-3685,TEX2,10,Raytheon T-6A Texan II
AE11B8,03-3686,TEX2,10,Raytheon T-6A Texan II
AE11B9,03-3687,TEX2,10,Raytheon T-6A Texan II
AE11BA,03-3688,TEX2,10,Raytheon T-6A Texan II
AE11BB,03-3689,TEX2,10,Raytheon T-6A Texan II
AE11BC,03-3690,TEX2,10,Raytheon T-6A Texan II
AE11BD,03-3691,TEX2,10,Raytheon T-6A Texan II
AE11BE,03-3692,TEX2,10,Raytheon T-6A Texan II
AE11BF,03-3693,TEX2,10,Raytheon T-6A Texan II
AE11C0,03-3694,TEX2,10,Raytheon T-6A Texan II
AE11C1,03-3695,TEX2,10,Raytheon T-6A Texan II
AE11C2,03-3696,TEX2,10,Raytheon T-6A Texan II
AE11C3,03-3697,TEX2,10,Raytheon T-6A Texan II
AE11C4,03-3698,TEX2,10,Raytheon T-6A Texan II
AE11C5,03-3699,TEX2,10,Raytheon T-6A Texan II
AE11C6,03-3700,TEX2,10,Raytheon T-6A Texan II
AE11C7,03-3701,TEX2,10,Raytheon T-6A Texan II
AE11C8,03-3702,TEX2,10,Raytheon T-6A Texan II
AE11C9,03-3703,TEX2,10,Raytheon T-6A Texan II
AE11CA,03-3704,TEX2,10,Raytheon T-6A Texan II
AE11CB,03-3705,TEX2,10,Raytheon T-6A Texan II
AE11CE,03-3706,TEX2,10,Raytheon T-6A Texan II
AE11CF,03-3707,TEX2,10,Raytheon T-6A Texan II
AE139A,04-3708,TEX2,10,Raytheon T-6A Texan II
AE139B,04-3709,TEX2,10,Raytheon T-6A Texan II
AE139C,04-3710,TEX2,10,Raytheon T-6A Texan II
AE139D,04-3711,TEX2,10,Raytheon T-6A Texan II
AE139E,04-3712,TEX2,10,Raytheon T-6A Texan II
AE139F,04-3713,TEX2,10,Raytheon T-6A Texan II
AE13A0,04-3714,TEX2,10,Raytheon T-6A Texan II
AE13A1,04-3715,TEX2,10,Raytheon T-6A Texan II
AE13A2,04-3716,TEX2,10,Raytheon T-6A Texan II
AE13A3,04-3717,TEX2,10,Raytheon T-6A Texan II
AE13A4,04-3718,TEX2,10,Raytheon T-6A Texan II
AE13A5,04-3719,TEX2,10,Raytheon T-6A Texan II
AE13A6,04-3720,TEX2,10,Raytheon T-6A Texan II
AE13A7,04-3721,TEX2,10,Raytheon T-6A Texan II
AE13A8,04-3722,TEX2,10,Raytheon T-6A Texan II
AE13A9,04-3723,TEX2,10,Raytheon T-6A Texan II
AE13AA,04-3724,TEX2,10,Raytheon T-6A Texan II
AE13AB,04-3725,TEX2,10,Raytheon T-6A Texan II
AE13AC,04-3726,TEX2,10,Raytheon T-6A Texan II
AE13AD,04-3727,TEX2,10,Raytheon T-6A Texan II
AE13AE,04-3728,TEX2,10,Raytheon T-6A Texan II
AE13AF,04-3729,TEX2,10,Raytheon T-6A Texan II
AE13B0,04-3730,TEX2,10,Raytheon T-6A Texan II
AE13B1,04-3731,TEX2,10,Raytheon T-6A Texan II
AE13B2,04-3732,TEX2,10,Raytheon T-6A Texan II
AE13B3,04-3733,TEX2,10,Raytheon T-6A Texan II
AE13B4,04-3734,TEX2,10,Raytheon T-6A Texan II
AE13B5,04-3735,TEX2,10,Raytheon T-6A Texan II
AE13B6,04-3736,TEX2,10,Raytheon T-6A Texan II
AE13B7,04-3737,TEX2,10,Raytheon T-6A Texan II
AE13B8,04-3738,TEX2,10,Raytheon T-6A Texan II
AE13B9,04-3739,TEX2,10,Raytheon T-6A Texan II
AE13BA,04-3740,TEX2,10,Raytheon T-6A Texan II
AE13BB,04-3741,TEX2,10,Raytheon T-6A Texan II
AE13BC,04-3742,TEX2,10,Raytheon T-6A Texan II
AE13BD,04-3743,TEX2,10,Raytheon T-6A Texan II
AE13BE,04-3744,TEX2,10,Raytheon T-6A Texan II
AE13BF,04-3745,TEX2,10,Raytheon T-6A Texan II
AE13C0,04-3746,TEX2,10,Raytheon T-6A Texan II
AE13C1,04-3747,TEX2,10,Raytheon T-6A Texan II
AE13C2,04-3748,TEX2,10,Raytheon T-6A Texan II
AE13C3,04-3749,TEX2,10,Raytheon T-6A Texan II
AE13C4,04-3750,TEX2,10,Raytheon T-6A Texan II
AE13C5,04-3751,TEX2,10,Raytheon T-6A Texan II
AE13C6,04-3752,TEX2,10,Raytheon T-6A Texan II
AE13C7,04-3753,TEX2,10,Raytheon T-6A Texan II
AE13C8,04-3754,TEX2,10,Raytheon T-6A Texan II
AE13C9,04-3755,TEX2,10,Raytheon T-6A Texan II
AE13CA,04-3756,TEX2,10,Raytheon T-6A Texan II
AE13CB,04-3757,TEX2,10,Raytheon T-6A Texan II
AE13CC,04-3758,TEX2,10,Raytheon T-6A Texan II
AE13CD,04-3759,TEX2,10,Raytheon T-6A Texan II
AE13EF,05-3760,TEX2,10,Raytheon T-6A Texan II
AE13F0,05-3761,TEX2,10,Raytheon T-6A Texan II
AE13F1,05-3762,TEX2,10,Raytheon T-6A Texan II
AE13F2,05-3763,TEX2,10,Raytheon T-6A Texan II
AE13F3,05-3764,TEX2,10,Raytheon T-6A Texan II
AE13F4,05-3765,TEX2,10,Raytheon T-6A Texan II
AE13F5,05-3766,TEX2,10,Raytheon T-6A Texan II
AE13F6,05-3767,TEX2,10,Raytheon T-6A Texan II
AE13F7,05-3768,TEX2,10,Raytheon T-6A Texan II
AE13F8,05-3769,TEX2,10,Raytheon T-6A Texan II
AE13F9,05-3770,TEX2,10,Raytheon T-6A Texan II
AE13FA,05-3771,TEX2,10,Raytheon T-6A Texan II
AE13FB,05-3772,TEX2,10,Raytheon T-6A Texan II
AE13FC,05-3773,TEX2,10,Raytheon T-6A Texan II
AE13FD,05-3774,TEX2,10,Raytheon T-6A Texan II
AE13FE,05-3775,TEX2,10,Raytheon T-6A Texan II
AE13FF,05-3776,TEX2,10,Raytheon T-6A Texan II
AE1400,05-3777,TEX2,10,Raytheon T-6A Texan II
AE1401,05-3778,TEX2,10,Raytheon T-6A Texan II
AE1402,05-3779,TEX2,10,Raytheon T-6A Texan II
AE1403,05-3780,TEX2,10,Raytheon T-6A Texan II
AE1404,05-3781,TEX2,10,Raytheon T-6A Texan II
AE1405,05-3782,TEX2,10,Raytheon T-6A Texan II
AE1406,05-3783,TEX2,10,Raytheon T-6A Texan II
AE1407,05-3784,TEX2,10,Raytheon T-6A Texan II
AE1408,05-3785,TEX2,10,Raytheon T-6A Texan II
AE1409,05-3786,TEX2,10,Raytheon T-6A Texan II
AE140A,05-3787,TEX2,10,Raytheon T-6A Texan II
AE140B,05-3788,TEX2,10,Raytheon T-6A Texan II
AE140C,05-3789,TEX2,10,Raytheon T-6A Texan II
AE140D,05-3790,TEX2,10,Raytheon T-6A Texan II
AE140E,05-3791,TEX2,10,Raytheon T-6A Texan II
AE140F,05-3792,TEX2,10,Raytheon T-6A Texan II
AE1410,05-3793,TEX2,10,Raytheon T-6A Texan II
AE1411,05-3794,TEX2,10,Raytheon T-6A Texan II
AE1412,05-3795,TEX2,10,Raytheon T-6A Texan II
AE1413,05-3796,TEX2,10,Raytheon T-6A Texan II
AE1414,05-3797,TEX2,10,Raytheon T-6A Texan II
AE1415,05-3798,TEX2,10,Raytheon T-6A Texan II
AE1417,05-3800,TEX2,10,Raytheon T-6A Texan II
AE1418,05-3801,TEX2,10,Raytheon T-6A Texan II
AE1419,05-3802,TEX2,10,Raytheon T-6A Texan II
AE141A,05-3803,TEX2,10,Raytheon T-6A Texan II
AE141B,05-3804,TEX2,10,Raytheon T-6A Texan II
AE141C,05-3805,TEX2,10,Raytheon T-6A Texan II
AE141D,05-3806,TEX2,10,Raytheon T-6A Texan II
AE141E,05-3807,TEX2,10,Raytheon T-6A Texan II
AE141F,05-3808,TEX2,10,Raytheon T-6A Texan II
AE1420,05-3809,TEX2,10,Raytheon T-6A Texan II
AE1421,05-3810,TEX2,10,Raytheon T-6A Texan II
AE1422,05-3811,TEX2,10,Raytheon T-6A Texan II
AE1423,05-3812,TEX2,10,Raytheon T-6A Texan II
AE1720,06-3814,TEX2,10,Raytheon T-6A Texan II
AE1721,06-3815,TEX2,10,Raytheon T-6A Texan II
AE1722,06-3816,TEX2,10,Raytheon T-6A Texan II
AE1723,06-3817,TEX2,10,Raytheon T-6A Texan II
AE1724,06-3818,TEX2,10,Raytheon T-6A Texan II
AE1725,06-3819,TEX2,10,Raytheon T-6A Texan II
AE1726,06-3820,TEX2,10,Raytheon T-6A Texan II
AE1727,06-3821,TEX2,10,Raytheon T-6A Texan II
AE1728,06-3822,TEX2,10,Raytheon T-6A Texan II
AE1729,06-3823,TEX2,10,Raytheon T-6A Texan II
AE172A,06-3824,TEX2,10,Raytheon T-6A Texan II
AE172B,06-3825,TEX2,10,Raytheon T-6A Texan II
AE172C,06-3826,TEX2,10,Raytheon T-6A Texan II
AE172D,06-3827,TEX2,10,Raytheon T-6A Texan II
AE172E,06-3828,TEX2,10,Raytheon T-6A Texan II
AE172F,06-3829,TEX2,10,Raytheon T-6A Texan II
AE1730,06-3830,TEX2,10,Raytheon T-6A Texan II
AE1731,06-3831,TEX2,10,Raytheon T-6A Texan II
AE1732,06-3832,TEX2,10,Raytheon T-6A Texan II
AE1733,06-3833,TEX2,10,Raytheon T-6A Texan II
AE1734,06-3834,TEX2,10,Raytheon T-6A Texan II
AE1735,06-3835,TEX2,10,Raytheon T-6A Texan II
AE1736,06-3836,TEX2,10,Raytheon T-6A Texan II
AE1737,06-3837,TEX2,10,Raytheon T-6A Texan II
AE1738,06-3838,TEX2,10,Raytheon T-6A Texan II
AE1739,06-3839,TEX2,10,Raytheon T-6A Texan II
AE173A,06-3840,TEX2,10,Raytheon T-6A Texan II
AE173B,06-3841,TEX2,10,Raytheon T-6A Texan II
AE173C,06-3842,TEX2,10,Raytheon T-6A Texan II
AE173D,06-3843,TEX2,10,Raytheon T-6A Texan II
AE173E,06-3844,TEX2,10,Raytheon T-6A Texan II
AE173F,06-3845,TEX2,10,Raytheon T-6A Texan II
AE1740,06-3846,TEX2,10,Raytheon T-6A Texan II
AE1741,06-3847,TEX2,10,Raytheon T-6A Texan II
AE1742,06-3848,TEX2,10,Raytheon T-6A Texan II
AE1743,06-3849,TEX2,10,Raytheon T-6A Texan II
AE1744,06-3850,TEX2,10,Raytheon T-6A Texan II
AE1746,06-3852,TEX2,10,Raytheon T-6A Texan II
AE1747,06-3853,TEX2,10,Raytheon T-6A Texan II
AE1748,06-3854,TEX2,10,Raytheon T-6A Texan II
AE1749,06-3855,TEX2,10,Raytheon T-6A Texan II
AE174A,06-3856,TEX2,10,Raytheon T-6A Texan II
AE174B,06-3857,TEX2,10,Raytheon T-6A Texan II
AE174C,06-3858,TEX2,10,Raytheon T-6A Texan II
AE174D,06-3859,TEX2,10,Raytheon T-6A Texan II
AE174E,06-3860,TEX2,10,Raytheon T-6A Texan II
AE174F,06-3861,TEX2,10,Raytheon T-6A Texan II
AE1750,06-3862,TEX2,10,Raytheon T-6A Texan II
AE1751,06-3863,TEX2,10,Raytheon T-6A Texan II
AE1752,06-3864,TEX2,10,Raytheon T-6A Texan II
AE1753,06-3865,TEX2,10,Raytheon T-6A Texan II
AE1754,06-3866,TEX2,10,Raytheon T-6A Texan II
AE1E43,07-3867,TEX2,10,Raytheon T-6A Texan II
AE1E44,07-3868,TEX2,10,Raytheon T-6A Texan II
AE1E45,07-3869,TEX2,10,Raytheon T-6A Texan II
AE1E46,07-3870,TEX2,10,Raytheon T-6A Texan II
AE1E47,07-3871,TEX2,10,Raytheon T-6A Texan II
AE1E48,07-3872,TEX2,10,Raytheon T-6A Texan II
AE1E49,07-3873,TEX2,10,Raytheon T-6A Texan II
AE1E4A,07-3874,TEX2,10,Raytheon T-6A Texan II
AE1E4B,07-3875,TEX2,10,Raytheon T-6A Texan II
AE1E4C,07-3876,TEX2,10,Raytheon T-6A Texan II
AE1E4D,07-3877,TEX2,10,Raytheon T-6A Texan II
AE1E4E,07-3878,TEX2,10,Raytheon T-6A Texan II
AE1E4F,07-3879,TEX2,10,Raytheon T-6A Texan II
AE1E50,07-3880,TEX2,10,Raytheon T-6A Texan II
AE1E51,07-3881,TEX2,10,Raytheon T-6A Texan II
AE1E52,07-3882,TEX2,10,Raytheon T-6A Texan II
AE1E53,07-3883,TEX2,10,Raytheon T-6A Texan II
AE1E54,07-3884,TEX2,10,Raytheon T-6A Texan II
AE1E55,07-3885,TEX2,10,Raytheon T-6A Texan II
AE1E56,07-3886,TEX2,10,Raytheon T-6A Texan II
AE1E57,07-3887,TEX2,10,Raytheon T-6A Texan II
AE1E58,07-3888,TEX2,10,Raytheon T-6A Texan II
AE1E59,07-3889,TEX2,10,Raytheon T-6A Texan II
AE1E5A,07-3890,TEX2,10,Raytheon T-6A Texan II
AE1E5B,07-3891,TEX2,10,Raytheon T-6A Texan II
AE1E5C,07-3892,TEX2,10,Raytheon T-6A Texan II
AE1E5D,07-3893,TEX2,10,Raytheon T-6A Texan II
AE1E5E,07-3894,TEX2,10,Raytheon T-6A Texan II
AE1E5F,07-3895,TEX2,10,Raytheon T-6A Texan II
AE1E60,07-3896,TEX2,10,Raytheon T-6A Texan II
AE1E61,07-3897,TEX2,10,Raytheon T-6A Texan II
AE1E62,07-3898,TEX2,10,Raytheon T-6A Texan II
AE1E63,07-3899,TEX2,10,Raytheon T-6A Texan II
AE1E64,07-3900,TEX2,10,Raytheon T-6A Texan II
AE1E65,07-3901,TEX2,10,Raytheon T-6A Texan II
AE1E66,07-3902,TEX2,10,Raytheon T-6A Texan II
AE1E67,07-3903,TEX2,10,Raytheon T-6A Texan II
AE1E68,07-3904,TEX2,10,Raytheon T-6A Texan II
AE1E69,07-3905,TEX2,10,Raytheon T-6A Texan II
AE1E87,08-3906,TEX2,10,Raytheon T-6A Texan II
AE1E88,08-3907,TEX2,10,Raytheon T-6A Texan II
AE1E89,08-3908,TEX2,10,Raytheon T-6A Texan II
AE1E8A,08-3909,TEX2,10,Raytheon T-6A Texan II
AE1E8B,08-3910,TEX2,10,Raytheon T-6A Texan II
AE1E8C,08-3911,TEX2,10,Raytheon T-6A Texan II
AE1E8D,08-3912,TEX2,10,Raytheon T-6A Texan II
AE1E8E,08-3913,TEX2,10,Raytheon T-6A Texan II
AE1E8F,08-3914,TEX2,10,Raytheon T-6A Texan II
AE1E90,08-3915,TEX2,10,Raytheon T-6A Texan II
AE1E91,08-3916,TEX2,10,Raytheon T-6A Texan II
AE1E92,08-3917,TEX2,10,Raytheon T-6A Texan II
AE1E93,08-3918,TEX2,10,Raytheon T-6A Texan II
AE1E94,08-3919,TEX2,10,Raytheon T-6A Texan II
AE1E95,08-3920,TEX2,10,Raytheon T-6A Texan II
AE1E96,08-3921,TEX2,10,Raytheon T-6A Texan II
AE1E97,08-3922,TEX2,10,Raytheon T-6A Texan II
AE1E98,08-3923,TEX2,10,Raytheon T-6A Texan II
AE1E99,08-3924,TEX2,10,Raytheon T-6A Texan II
AE1E9B,08-3926,TEX2,10,Raytheon T-6A Texan II
AE1E9C,08-3927,TEX2,10,Raytheon T-6A Texan II
AE1E9D,08-3928,TEX2,10,Raytheon T-6A Texan II
AE1E9E,08-3929,TEX2,10,Raytheon T-6A Texan II
AE1E9F,08-3930,TEX2,10,Raytheon T-6A Texan II
AE1EA0,08-3931,TEX2,10,Raytheon T-6A Texan II
AE1EA1,08-3932,TEX2,10,Raytheon T-6A Texan II
AE1EA2,08-3933,TEX2,10,Raytheon T-6A Texan II
AE1EA3,08-3934,TEX2,10,Raytheon T-6A Texan II
AE1EA4,08-3935,TEX2,10,Raytheon T-6A Texan II
AE1EA5,08-3936,TEX2,10,Raytheon T-6A Texan II
AE1EA6,08-3937,TEX2,10,Raytheon T-6A Texan II
AE1EA8,08-3939,TEX2,10,Raytheon T-6A Texan II
AE1EA9,08-3940,TEX2,10,Raytheon T-6A Texan II
AE1EAA,08-3941,TEX2,10,Raytheon T-6A Texan II
AE1EAB,08-3942,TEX2,10,Raytheon T-6A Texan II
AE1EAC,08-3943,TEX2,10,Raytheon T-6A Texan II
AE1EAD,08-3944,TEX2,10,Raytheon T-6A Texan II
AE11CC,03-6201,TEX2,10,Raytheon T-6A Texan II
AE11CD,03-6202,TEX2,10,Raytheon T-6A Texan II
AE11D0,03-6203,TEX2,10,Raytheon T-6A Texan II
AE11D1,03-6204,TEX2,10,Raytheon T-6A Texan II
AE13CE,04-6205,TEX2,10,Raytheon T-6A Texan II
AE13CF,04-6206,TEX2,10,Raytheon T-6A Texan II
AE1424,05-6207,TEX2,10,Raytheon T-6A Texan II
AE1425,05-6208,TEX2,10,Raytheon T-6A Texan II
AE0896,00-3569,TEX2,10,Raytheon T-6A Texan II
AE0897,00-3570,TEX2,10,Raytheon T-6A Texan II
AE0898,00-3571,TEX2,10,Raytheon T-6A Texan II
AE0899,00-3572,TEX2,10,Raytheon T-6A Texan II
AE089A,00-3573,TEX2,10,Raytheon T-6A Texan II
AE089B,00-3574,TEX2,10,Raytheon T-6A Texan II
AE089C,00-3575,TEX2,10,Raytheon T-6A Texan II
AE089D,00-3576,TEX2,10,Raytheon T-6A Texan II
AE089F,00-3578,TEX2,10,Raytheon T-6A Texan II
AE08A1,00-3580,TEX2,10,Raytheon T-6A Texan II
AE08A2,00-3581,TEX2,10,Raytheon T-6A Texan II
AE08A3,00-3582,TEX2,10,Raytheon T-6A Texan II
AE08A4,00-3583,TEX2,10,Raytheon T-6A Texan II
AE08A5,00-3584,TEX2,10,Raytheon T-6A Texan II
AE08A6,00-3585,TEX2,10,Raytheon T-6A Texan II
AE08A7,00-3586,TEX2,10,Raytheon T-6A Texan II
AE08A8,00-3587,TEX2,10,Raytheon T-6A Texan II
AE08A9,00-3588,TEX2,10,Raytheon T-6A Texan II
AE08AA,00-3589,TEX2,10,Raytheon T-6A Texan II
AE08AB,00-3590,TEX2,10,Raytheon T-6A Texan II
AE08AC,00-3591,TEX2,10,Raytheon T-6A Texan II
AE08AD,00-3592,TEX2,10,Raytheon T-6A Texan II
AE08AF,00-3594,TEX2,10,Raytheon T-6A Texan II
AE08B0,00-3595,TEX2,10,Raytheon T-6A Texan II
AE08B1,00-3596,TEX2,10,Raytheon T-6A Texan II
AE08B2,00-3597,TEX2,10,Raytheon T-6A Texan II
AE54C2,14-00065,TEX2,10,Raytheon T-6D Texan II
AE54C3,14-00066,TEX2,10,Raytheon T-6D Texan II
AE54C4,14-00067,TEX2,10,Raytheon T-6D Texan II
AE54C5,14-00068,TEX2,10,Raytheon T-6D Texan II
AE6A6E,20-8101,TEX2,10,Textron AT-6E Wolverine
AE01E2,96-3010,TEX2,10,Raytheon T-6A Texan II
AE01E3,96-3011,TEX2,10,Raytheon T-6A Texan II
AE01E4,96-3012,TEX2,10,Raytheon T-6A Texan II
AE01E5,96-3013,TEX2,10,Raytheon T-6A Texan II
AE01E6,97-3014,TEX2,10,Raytheon T-6A Texan II
AE01E7,97-3015,TEX2,10,Raytheon T-6A Texan II
AE01E8,97-3016,TEX2,10,Raytheon T-6A Texan II
AE01E9,97-3017,TEX2,10,Raytheon T-6A Texan II
AE01EA,97-3018,TEX2,10,Raytheon T-6A Texan II
AE01EB,97-3019,TEX2,10,Raytheon T-6A Texan II
AE01EC,97-3020,TEX2,10,Raytheon T-6A Texan II
AE01ED,97-3021,TEX2,10,Raytheon T-6A Texan II
AE01EE,97-3022,TEX2,10,Raytheon T-6A Texan II
AE01EF,97-3023,TEX2,10,Raytheon T-6A Texan II
AE01F0,97-3024,TEX2,10,Raytheon T-6A Texan II
AE01F1,98-3025,TEX2,10,Raytheon T-6A Texan II
AE01F2,98-3026,TEX2,10,Raytheon T-6A Texan II
AE01F3,98-3027,TEX2,10,Raytheon T-6A Texan II
AE01F4,98-3028,TEX2,10,Raytheon T-6A Texan II
AE01F5,98-3029,TEX2,10,Raytheon T-6A Texan II
AE01F6,98-3030,TEX2,10,Raytheon T-6A Texan II
AE01F7,98-3031,TEX2,10,Raytheon T-6A Texan II
AE01F8,98-3032,TEX2,10,Raytheon T-6A Texan II
AE01F9,98-3033,TEX2,10,Raytheon T-6A Texan II
AE01FA,98-3034,TEX2,10,Raytheon T-6A Texan II
AE01FB,98-3035,TEX2,10,Raytheon T-6A Texan II
AE01FC,98-3036,TEX2,10,Raytheon T-6A Texan II
AE01FD,98-3037,TEX2,10,Raytheon T-6A Texan II
AE01FE,98-3038,TEX2,10,Raytheon T-6A Texan II
AE01FF,98-3539,TEX2,10,Raytheon T-6A Texan II
AE0200,98-3540,TEX2,10,Raytheon T-6A Texan II
AE0201,98-3541,TEX2,10,Raytheon T-6A Texan II
AE0202,98-3542,TEX2,10,Raytheon T-6A Texan II
AE0203,98-3543,TEX2,10,Raytheon T-6A Texan II
AE0204,98-3544,TEX2,10,Raytheon T-6A Texan II
AE0206,98-3546,TEX2,10,Raytheon T-6A Texan II
AE0880,99-3547,TEX2,10,Raytheon T-6A Texan II
AE0881,99-3548,TEX2,10,Raytheon T-6A Texan II
AE0882,99-3549,TEX2,10,Raytheon T-6A Texan II
AE0883,99-3550,TEX2,10,Raytheon T-6A Texan II
AE0884,99-3551,TEX2,10,Raytheon T-6A Texan II
AE0885,99-3552,TEX2,10,Raytheon T-6A Texan II
AE0888,99-3555,TEX2,10,Raytheon T-6A Texan II
AE0889,99-3556,TEX2,10,Raytheon T-6A Texan II
AE088A,99-3557,TEX2,10,Raytheon T-6A Texan II
AE088B,99-3558,TEX2,10,Raytheon T-6A Texan II
AE088C,99-3559,TEX2,10,Raytheon T-6A Texan II
AE088D,99-3560,TEX2,10,Raytheon T-6A Texan II
AE088E,99-3561,TEX2,10,Raytheon T-6A Texan II
AE088F,99-3562,TEX2,10,Raytheon T-6A Texan II
AE0890,99-3563,TEX2,10,Raytheon T-6A Texan II
AE0891,99-3564,TEX2,10,Raytheon T-6A Texan II
AE0892,99-3565,TEX2,10,Raytheon T-6A Texan II
AE0893,99-3566,TEX2,10,Raytheon T-6A Texan II
AE0894,99-3567,TEX2,10,Raytheon T-6A Texan II
AE0895,99-3568,TEX2,10,Raytheon T-6A Texan II
