AE574F,15-46009,B762,10,Boeing KC-46A Pegasus
AE5751,15-46011,B762,10,Boeing KC-46A Pegasus
AE5BBD,16-46012,B762,10,Boeing KC-46A Pegasus
AE5BBE,16-46013,B762,10,Boeing KC-46A Pegasus
AE5BBF,15-46014,B762,10,Boeing KC-46A Pegasus
AE5BC0,16-46015,B762,10,Boeing KC-46A Pegasus
AE5BC1,16-46016,B762,10,Boeing KC-46A Pegasus
AE5BC2,16-46017,B762,10,Boeing KC-46A Pegasus
AE5BC3,16-46018,B762,10,Boeing KC-46A Pegasus
AE5BC4,16-46019,B762,10,Boeing KC-46A Pegasus
AE5BC5,16-46020,B762,10,Boeing KC-46A Pegasus
AE5BC6,16-46021,B762,10,Boeing KC-46A Pegasus
AE5BC7,16-46022,B762,10,Boeing KC-46A Pegasus
AE5BC8,16-46023,B762,10,Boeing KC-46A Pegasus
AE5E05,17-46024,B762,10,Boeing KC-46A Pegasus
AE5E06,17-46025,B762,10,Boeing KC-46A Pegasus
AE5E07,17-46026,B762,10,Boeing KC-46A Pegasus
AE5E08,17-46027,B762,10,Boeing KC-46A Pegasus
AE5E09,17-46028,B762,10,Boeing KC-46A Pegasus
AE5E0A,17-46029,B762,10,Boeing KC-46A Pegasus
AE5E0B,17-46030,B762,10,Boeing KC-46A Pegasus
AE5E0C,17-46031,B762,10,Boeing KC-46A Pegasus
AE5E0D,17-46032,B762,10,Boeing KC-46A Pegasus
AE5E0E,17-46033,B762,10,Boeing KC-46A Pegasus
AE5E0F,17-46034,B762,10,Boeing KC-46A Pegasus
AE5E10,17-46035,B762,10,Boeing KC-46A Pegasus
AE5E11,17-46036,B762,10,Boeing KC-46A Pegasus
AE5E12,17-46037,B762,10,Boeing KC-46A Pegasus
AE5E13,17-46038,B762,10,Boeing KC-46A Pegasus
AE5F92,18-46039,B762,10,Boeing KC-46A Pegasus
AE5F93,18-46040,B762,10,Boeing KC-46A Pegasus
AE5F94,18-46041,B762,10,Boeing KC-46A Pegasus
AE5F95,18-46042,B762,10,Boeing KC-46A Pegasus
AE5F96,18-46043,B762,10,Boeing KC-46A Pegasus
AE5F97,18-46044,B762,10,Boeing KC-46A Pegasus
AE5F98,18-46045,B762,10,Boeing KC-46A Pegasus
AE5F99,18-46046,B762,10,Boeing KC-46A Pegasus
AE5F9A,18-46047,B762,10,Boeing KC-46A Pegasus
AE5F9B,18-46048,B762,10,Boeing KC-46A Pegasus
AE5F9C,18-46049,B762,10,Boeing KC-46A Pegasus
AE5F9D,18-46050,B762,10,Boeing KC-46A Pegasus
AE5F9E,18-46051,B762,10,Boeing KC-46A Pegasus
AE5F9F,18-46052,B762,10,Boeing KC-46A Pegasus
AE5FA0,18-46053,B762,10,Boeing KC-46A Pegasus
AE5FA1,18-46054,B762,10,Boeing KC-46A Pegasus
AE5FA2,18-46055,B762,10,Boeing KC-46A Pegasus
AE5FA3,18-46056,B762,10,Boeing KC-46A Pegasus
AE5FA4,19-46057,B762,10,Boeing KC-46A Pegasus
AE5FA5,19-46058,B762,10,Boeing KC-46A Pegasus
AE5FA6,19-46059,B762,10,Boeing KC-46A Pegasus
AE5FA7,19-46060,B762,10,Boeing KC-46A Pegasus
AE5FA8,19-46061,B762,10,Boeing KC-46A Pegasus
AE5FA9,19-46062,B762,10,Boeing KC-46A Pegasus
AE5FAA,19-46063,B762,10,Boeing KC-46A Pegasus
AE5FAB,19-46064,B762,10,Boeing KC-46A Pegasus
AE5FAC,19-46065,B762,10,Boeing KC-46A Pegasus
AE5FAD,19-46066,B762,10,Boeing KC-46A Pegasus
AE5FAE,19-46067,B762,10,Boeing KC-46A Pegasus
AE5FAF,15-46068,B762,10,Boeing KC-46A Pegasus
AE63B1,15-46069,B762,10,Boeing KC-46A Pegasus
AE63B2,15-46070,B762,10,Boeing KC-46A Pegasus
AE63B3,19-46071,B762,10,Boeing KC-46A Pegasus
AE63B5,20-46073,B762,10,Boeing KC-46A Pegasus
AE63B7,20-46075,B762,10,Boeing KC-46A Pegasus
AE63B9,20-46077,B762,10,Boeing KC-46A Pegasus
AE63BA,20-46078,B762,10,Boeing KC-46A Pegasus
AE63BC,20-46080,B762,10,Boeing KC-46A Pegasus
33FE7A,MM62226,B762,10,Boeing KC-767A
33FE7D,MM62227,B762,10,Boeing KC-767A
33FE77,MM62228,B762,10,Boeing KC-767A
33FE92,MM62229,B762,10,Boeing KC-767A
