AE68AD,97-3091,D328,10,Dornier C-146A Wolfhound
AE68AE,99-3106,D328,10,Dornier C-146A Wolfhound
AE68AF,97-3093,D328,10,Dornier C-146A Wolfhound
AE68B1,10-3068,D328,10,Dornier C-146A Wolfhound
AE68B2,10-3077,D328,10,Dornier C-146A Wolfhound
AE68B3,11-3104,D328,10,Dornier C-146A Wolfhound
AE68B4,10-3026,D328,10,Dornier C-146A Wolfhound
AE68B5,11-3016,D328,10,Dornier C-146A Wolfhound
AE68B6,11-3031,D328,10,Dornier C-146A Wolfhound
AE68B7,11-3075,D328,10,Dornier C-146A Wolfhound
AE68B8,11-3097,D328,10,Dornier C-146A Wolfhound
AE68B9,12-3060,D328,10,Dornier C-146A Wolfhound
AE68BA,12-3040,D328,10,Dornier C-146A Wolfhound
AE68BB,12-3085,D328,10,Dornier C-146A Wolfhound
AE68BC,12-3050,D328,10,Dornier C-146A Wolfhound
AE68BD,12-3047,D328,10,Dornier C-146A Wolfhound
AE68BE,15-3086,D328,10,Dornier C-146A Wolfhound
AE68BF,16-3020,D328,10,Dornier C-146A Wolfhound
AE68C0,16-3025,D328,10,Dornier C-146A Wolfhound
AE68E0,95-3058,D328,10,Dornier C-146A Wolfhound
AE6E80,11-3013,D328,10,Dornier C-146A Wolfhound