AE11D2,71-1407,E3CF,10,Boeing E-3B Sentry
AE11D5,73-1675,E3CF,10,Boeing E-3B Sentry
AE11D8,75-0558,E3CF,10,Boeing E-3B Sentry
AE11D9,75-0559,E3CF,10,Boeing E-3B Sentry
AE11DA,75-0560,E3CF,10,Boeing E-3B Sentry
AE11DB,76-1604,E3CF,10,Boeing E-3G Sentry
AE11DD,76-1606,E3CF,10,Boeing E-3B Sentry
AE11DF,77-0351,E3CF,10,Boeing E-3G Sentry
AE11E0,77-0352,E3CF,10,Boeing E-3B Sentry
AE11E1,77-0353,E3CF,10,Boeing E-3B Sentry
AE11E4,78-0576,E3CF,10,Boeing E-3G Sentry
AE11E5,78-0577,E3CF,10,Boeing E-3B Sentry
AE11E7,79-0001,E3CF,10,Boeing E-3G Sentry
AE11E9,79-0003,E3CF,10,Boeing E-3B Sentry
AE11EC,80-0139,E3CF,10,Boeing E-3C Sentry
AE11ED,81-0004,E3CF,10,Boeing E-3C Sentry
AE11EF,82-0006,E3CF,10,Boeing E-3G Sentry
AE11D3,71-1408,E3CF,10,Boeing E-3B Sentry
AE11D6,75-0556,E3CF,10,Boeing E-3B Sentry
AE11D7,75-0557,E3CF,10,Boeing E-3B Sentry
AE11DC,76-1605,E3CF,10,Boeing E-3G Sentry
AE11DE,76-1607,E3CF,10,Boeing E-3G Sentry
AE11E2,77-0355,E3CF,10,Boeing E-3B Sentry
AE11E3,77-0356,E3CF,10,Boeing E-3G Sentry
AE11E6,78-0578,E3CF,10,Boeing E-3B Sentry
AE11E8,79-0002,E3CF,10,Boeing E-3B Sentry
AE11EA,80-0137,E3CF,10,Boeing E-3C Sentry
AE11EB,80-0138,E3CF,10,Boeing E-3G Sentry
AE11EE,81-0005,E3CF,10,Boeing E-3G Sentry
AE11F0,82-0007,E3CF,10,Boeing E-3G Sentry
AE11F2,83-0009,E3CF,10,Boeing E-3C Sentry
