4D03C0,LX-N90442,E3TF,10,Boeing E-3A Sentry
4D03C1,LX-N90443,E3TF,10,Boeing E-3A Sentry
4D03C2,LX-N90444,E3TF,10,Boeing E-3A Sentry
4D03C3,LX-N90445,E3TF,10,Boeing E-3A Sentry
4D03C4,LX-N90446,E3TF,10,Boeing E-3A Sentry
4D03C5,LX-N90447,E3TF,10,Boeing E-3A Sentry
4D03C6,LX-N90448,E3TF,10,Boeing E-3A Sentry
4D03C8,LX-N90450,E3TF,10,Boeing E-3A Sentry
4D03C9,LX-N90451,E3TF,10,Boeing E-3A Sentry
4D03CA,LX-N90452,E3TF,10,Boeing E-3A Sentry
4D03CB,LX-N90453,E3TF,10,Boeing E-3A Sentry
4D03CC,LX-N90454,E3TF,10,Boeing E-3A Sentry
4D03CD,LX-N90455,E3TF,10,Boeing E-3A Sentry
4D03CE,LX-N90456,E3TF,10,Boeing E-3A Sentry
4D03CF,LX-N90458,E3TF,10,Boeing E-3A Sentry
4D03D0,LX-N90459,E3TF,10,Boeing E-3A Sentry
AE11D2,71-1407,E3TF,10,Boeing E-3B Sentry
AE11D3,71-1408,E3TF,10,Boeing E-3B Sentry
AE11D5,73-1675,E3TF,10,Boeing E-3B Sentry
AE11D6,75-0556,E3TF,10,Boeing E-3B Sentry
AE11D7,75-0557,E3TF,10,Boeing E-3B Sentry
AE11D8,75-0558,E3TF,10,Boeing E-3B Sentry
AE11D9,75-0559,E3TF,10,Boeing E-3B Sentry
AE11DA,75-0560,E3TF,10,Boeing E-3B Sentry
AE11DB,76-1604,E3TF,10,Boeing E-3G Sentry
AE11DC,76-1605,E3TF,10,Boeing E-3G Sentry
AE11DD,76-1606,E3TF,10,Boeing E-3B Sentry
AE11DE,76-1607,E3TF,10,Boeing E-3G Sentry
AE11DF,77-0351,E3TF,10,Boeing E-3G Sentry
AE11E0,77-0352,E3TF,10,Boeing E-3B Sentry
AE11E1,77-0353,E3TF,10,Boeing E-3B Sentry
AE11E2,77-0355,E3TF,10,Boeing E-3B Sentry
AE11E3,77-0356,E3TF,10,Boeing E-3G Sentry
AE11E4,78-0576,E3TF,10,Boeing E-3G Sentry
AE11E5,78-0577,E3TF,10,Boeing E-3B Sentry
AE11E6,78-0578,E3TF,10,Boeing E-3B Sentry
AE11E7,79-0001,E3TF,10,Boeing E-3G Sentry
AE11E8,79-0002,E3TF,10,Boeing E-3B Sentry
AE11E9,79-0003,E3TF,10,Boeing E-3B Sentry
AE11EA,80-0137,E3TF,10,Boeing E-3C Sentry
AE11EB,80-0138,E3TF,10,Boeing E-3G Sentry
AE11EC,80-0139,E3TF,10,Boeing E-3C Sentry
AE11ED,81-0004,E3TF,10,Boeing E-3C Sentry
AE11EE,81-0005,E3TF,10,Boeing E-3G Sentry
AE11EF,82-0006,E3TF,10,Boeing E-3G Sentry
AE11F0,82-0007,E3TF,10,Boeing E-3G Sentry
AE11F2,83-0009,E3TF,10,Boeing E-3C Sentry
