AE1899,06-72001,EC45,10,Airbus Helicopters UH-72A Lakota
AE1C2A,06-72002,EC45,10,Airbus Helicopters UH-72A Lakota
AE1C2B,06-72003,EC45,10,Airbus Helicopters UH-72A Lakota
AE1C2C,06-72004,EC45,10,Airbus Helicopters UH-72A Lakota
AE1C2D,06-72005,EC45,10,Airbus Helicopters UH-72A Lakota
AE1C2E,06-72006,EC45,10,Airbus Helicopters UH-72A Lakota
AE1C2F,06-72007,EC45,10,Airbus Helicopters UH-72A Lakota
AE1C30,06-72008,EC45,10,Airbus Helicopters UH-72A Lakota
AE1C31,07-72009,EC45,10,Airbus Helicopters UH-72A Lakota
AE1C32,07-72010,EC45,10,Airbus Helicopters UH-72A Lakota
AE1C33,07-72011,EC45,10,Airbus Helicopters UH-72A Lakota
AE1C34,07-72012,EC45,10,Airbus Helicopters UH-72A Lakota
AE1C35,07-72013,EC45,10,Airbus Helicopters UH-72A Lakota
AE1C36,07-72014,EC45,10,Airbus Helicopters UH-72A Lakota
AE1C38,07-72016,EC45,10,Airbus Helicopters UH-72A Lakota
AE1F21,07-72018,EC45,10,Airbus Helicopters UH-72A Lakota
AE1F22,07-72019,EC45,10,Airbus Helicopters UH-72A Lakota
AE1F23,07-72020,EC45,10,Airbus Helicopters UH-72A Lakota
AE1F24,07-72021,EC45,10,Airbus Helicopters UH-72A Lakota
AE1F25,07-72022,EC45,10,Airbus Helicopters UH-72A Lakota
AE1F26,07-72023,EC45,10,Airbus Helicopters UH-72A Lakota
AE1F27,07-72024,EC45,10,Airbus Helicopters UH-72A Lakota
AE1F28,07-72025,EC45,10,Airbus Helicopters UH-72A Lakota
AE1F29,07-72026,EC45,10,Airbus Helicopters UH-72A Lakota
AE1F2A,07-72027,EC45,10,Airbus Helicopters UH-72A Lakota
AE1F2B,07-72028,EC45,10,Airbus Helicopters UH-72A Lakota
AE1F2C,07-72029,EC45,10,Airbus Helicopters UH-72A Lakota
AE1F2D,07-72030,EC45,10,Airbus Helicopters UH-72A Lakota
AE1F2E,07-72031,EC45,10,Airbus Helicopters UH-72A Lakota
AE1F2F,07-72032,EC45,10,Airbus Helicopters UH-72A Lakota
AE1F30,07-72033,EC45,10,Airbus Helicopters UH-72A Lakota
AE1F31,07-72034,EC45,10,Airbus Helicopters UH-72A Lakota
AE1F32,07-72035,EC45,10,Airbus Helicopters UH-72A Lakota
AE1F33,07-72036,EC45,10,Airbus Helicopters UH-72A Lakota
AE1F34,07-72037,EC45,10,Airbus Helicopters UH-72A Lakota
AE1F35,07-72038,EC45,10,Airbus Helicopters UH-72A Lakota
AE1F36,07-72039,EC45,10,Airbus Helicopters UH-72A Lakota
AE1F37,07-72040,EC45,10,Airbus Helicopters UH-72A Lakota
AE1F38,07-72041,EC45,10,Airbus Helicopters UH-72A Lakota
AE1F39,07-72042,EC45,10,Airbus Helicopters UH-72A Lakota
AE1F3A,08-72043,EC45,10,Airbus Helicopters UH-72A Lakota
AE1F3B,08-72044,EC45,10,Airbus Helicopters UH-72A Lakota
AE1F3C,08-72045,EC45,10,Airbus Helicopters UH-72A Lakota
AE1F3D,08-72046,EC45,10,Airbus Helicopters UH-72A Lakota
AE1F3E,08-72047,EC45,10,Airbus Helicopters UH-72A Lakota
AE1F3F,08-72048,EC45,10,Airbus Helicopters UH-72A Lakota
AE1F40,08-72049,EC45,10,Airbus Helicopters UH-72A Lakota
AE1F41,08-72050,EC45,10,Airbus Helicopters UH-72A Lakota
AE1F42,08-72051,EC45,10,Airbus Helicopters UH-72A Lakota
AE1F43,08-72052,EC45,10,Airbus Helicopters UH-72A Lakota
AE1F44,08-72053,EC45,10,Airbus Helicopters UH-72A Lakota
AE1F45,08-72054,EC45,10,Airbus Helicopters UH-72A Lakota
AE1F46,08-72055,EC45,10,Airbus Helicopters UH-72A Lakota
AE1F47,08-72056,EC45,10,Airbus Helicopters UH-72A Lakota
AE1F48,08-72057,EC45,10,Airbus Helicopters UH-72A Lakota
AE1F49,08-72058,EC45,10,Airbus Helicopters UH-72A Lakota
AE1F4A,08-72059,EC45,10,Airbus Helicopters UH-72A Lakota
AE1F4B,08-72060,EC45,10,Airbus Helicopters UH-72A Lakota
AE1F4C,08-72061,EC45,10,Airbus Helicopters UH-72A Lakota
AE1F4D,08-72062,EC45,10,Airbus Helicopters UH-72A Lakota
AE1F4E,08-72063,EC45,10,Airbus Helicopters UH-72A Lakota
AE1F4F,08-72064,EC45,10,Airbus Helicopters UH-72A Lakota
AE1F50,08-72065,EC45,10,Airbus Helicopters UH-72A Lakota
AE1F51,08-72066,EC45,10,Airbus Helicopters UH-72A Lakota
AE1F52,08-72067,EC45,10,Airbus Helicopters UH-72A Lakota
AE1F53,08-72068,EC45,10,Airbus Helicopters UH-72A Lakota
AE1F54,08-72069,EC45,10,Airbus Helicopters UH-72A Lakota
AE1F55,08-72070,EC45,10,Airbus Helicopters UH-72A Lakota
AE1F56,08-72071,EC45,10,Airbus Helicopters UH-72A Lakota
AE1F57,08-72072,EC45,10,Airbus Helicopters UH-72A Lakota
AE1F58,08-72073,EC45,10,Airbus Helicopters UH-72A Lakota
AE1F59,08-72074,EC45,10,Airbus Helicopters UH-72A Lakota
AE1F5A,08-72075,EC45,10,Airbus Helicopters UH-72A Lakota
AE1F5B,08-72076,EC45,10,Airbus Helicopters UH-72A Lakota
AE1F5C,08-72077,EC45,10,Airbus Helicopters UH-72A Lakota
AE1F5D,08-72078,EC45,10,Airbus Helicopters UH-72A Lakota
AE1F5E,08-72079,EC45,10,Airbus Helicopters UH-72A Lakota
AE1F5F,08-72080,EC45,10,Airbus Helicopters UH-72A Lakota
AE1F60,08-72081,EC45,10,Airbus Helicopters UH-72A Lakota
AE1F61,08-72082,EC45,10,Airbus Helicopters UH-72A Lakota
AE1F62,08-72083,EC45,10,Airbus Helicopters UH-72A Lakota
AE1F63,08-72084,EC45,10,Airbus Helicopters UH-72A Lakota
AE1F64,09-72085,EC45,10,Airbus Helicopters UH-72A Lakota
AE1F65,09-72086,EC45,10,Airbus Helicopters UH-72A Lakota
AE1F66,09-72087,EC45,10,Airbus Helicopters UH-72A Lakota
AE1F67,09-72088,EC45,10,Airbus Helicopters UH-72A Lakota
AE1F68,09-72089,EC45,10,Airbus Helicopters UH-72A Lakota
AE1F6A,09-72091,EC45,10,Airbus Helicopters UH-72A Lakota
AE1F6B,09-72092,EC45,10,Airbus Helicopters UH-72A Lakota
AE1F6C,09-72093,EC45,10,Airbus Helicopters UH-72A Lakota
AE1F6D,09-72094,EC45,10,Airbus Helicopters UH-72A Lakota
AE1F6E,09-72095,EC45,10,Airbus Helicopters UH-72A Lakota
AE1F6F,09-72096,EC45,10,Airbus Helicopters UH-72A Lakota
AE1F70,09-72097,EC45,10,Airbus Helicopters UH-72A Lakota
AE1F71,09-72098,EC45,10,Airbus Helicopters UH-72A Lakota
AE1F72,09-72099,EC45,10,Airbus Helicopters UH-72A Lakota
AE1F73,09-72100,EC45,10,Airbus Helicopters UH-72A Lakota
AE1F74,09-72101,EC45,10,Airbus Helicopters UH-72A Lakota
AE1F76,09-72103,EC45,10,Airbus Helicopters UH-72A Lakota
AE1F78,09-72105,EC45,10,Airbus Helicopters UH-72A Lakota
AE1F79,09-72106,EC45,10,Airbus Helicopters UH-72A Lakota
AE1F7A,09-72107,EC45,10,Airbus Helicopters UH-72A Lakota
AE1F7B,09-72108,EC45,10,Airbus Helicopters UH-72A Lakota
AE1F7C,09-72109,EC45,10,Airbus Helicopters UH-72A Lakota
AE1F7E,09-72111,EC45,10,Airbus Helicopters UH-72A Lakota
AE1F7F,09-72112,EC45,10,Airbus Helicopters UH-72A Lakota
AE1F80,09-72113,EC45,10,Airbus Helicopters UH-72A Lakota
AE1F81,09-72114,EC45,10,Airbus Helicopters UH-72A Lakota
AE1F82,09-72115,EC45,10,Airbus Helicopters UH-72A Lakota
AE1F83,09-72116,EC45,10,Airbus Helicopters UH-72A Lakota
AE1F84,09-72117,EC45,10,Airbus Helicopters UH-72A Lakota
AE1F85,09-72118,EC45,10,Airbus Helicopters UH-72A Lakota
AE1F86,09-72119,EC45,10,Airbus Helicopters UH-72A Lakota
AE1F87,09-72120,EC45,10,Airbus Helicopters UH-72A Lakota
AE1F88,09-72121,EC45,10,Airbus Helicopters UH-72A Lakota
AE1F89,09-72122,EC45,10,Airbus Helicopters UH-72A Lakota
AE1F8A,09-72123,EC45,10,Airbus Helicopters UH-72A Lakota
AE1F8B,09-72124,EC45,10,Airbus Helicopters UH-72A Lakota
AE1F8C,09-72125,EC45,10,Airbus Helicopters UH-72A Lakota
AE1F8D,09-72126,EC45,10,Airbus Helicopters UH-72A Lakota
AE1F8E,09-72127,EC45,10,Airbus Helicopters UH-72A Lakota
AE1F8F,09-72128,EC45,10,Airbus Helicopters UH-72A Lakota
AE1F90,10-72129,EC45,10,Airbus Helicopters UH-72A Lakota
AE1F91,10-72130,EC45,10,Airbus Helicopters UH-72A Lakota
AE1F92,10-72131,EC45,10,Airbus Helicopters UH-72A Lakota
AE1F93,10-72132,EC45,10,Airbus Helicopters UH-72A Lakota
AE1F94,10-72133,EC45,10,Airbus Helicopters UH-72A Lakota
AE1F95,10-72134,EC45,10,Airbus Helicopters UH-72A Lakota
AE1F96,10-72135,EC45,10,Airbus Helicopters UH-72A Lakota
AE1F97,10-72136,EC45,10,Airbus Helicopters UH-72A Lakota
AE1F98,10-72137,EC45,10,Airbus Helicopters UH-72A Lakota
AE1F99,10-72138,EC45,10,Airbus Helicopters UH-72A Lakota
AE1F9A,10-72139,EC45,10,Airbus Helicopters UH-72A Lakota
AE1F9B,10-72140,EC45,10,Airbus Helicopters UH-72A Lakota
AE1F9C,10-72141,EC45,10,Airbus Helicopters UH-72A Lakota
AE1F9D,10-72142,EC45,10,Airbus Helicopters UH-72A Lakota
AE1F9E,10-72143,EC45,10,Airbus Helicopters UH-72A Lakota
AE1F9F,10-72144,EC45,10,Airbus Helicopters UH-72A Lakota
AE1FA0,10-72145,EC45,10,Airbus Helicopters UH-72A Lakota
AE1FA1,10-72146,EC45,10,Airbus Helicopters UH-72A Lakota
AE1FA2,10-72147,EC45,10,Airbus Helicopters UH-72A Lakota
AE1FA3,10-72148,EC45,10,Airbus Helicopters UH-72A Lakota
AE1FA4,10-72149,EC45,10,Airbus Helicopters UH-72A Lakota
AE1FA5,10-72150,EC45,10,Airbus Helicopters UH-72A Lakota
AE1FA6,10-72151,EC45,10,Airbus Helicopters UH-72A Lakota
AE1FA7,10-72152,EC45,10,Airbus Helicopters UH-72A Lakota
AE1FA8,10-72153,EC45,10,Airbus Helicopters UH-72A Lakota
AE1FA9,10-72154,EC45,10,Airbus Helicopters UH-72A Lakota
AE1FAA,10-72155,EC45,10,Airbus Helicopters UH-72A Lakota
AE1FAB,10-72156,EC45,10,Airbus Helicopters UH-72A Lakota
AE1FAC,10-72157,EC45,10,Airbus Helicopters UH-72A Lakota
AE1FAD,10-72158,EC45,10,Airbus Helicopters UH-72A Lakota
AE1FAE,10-72159,EC45,10,Airbus Helicopters UH-72A Lakota
AE1FAF,10-72160,EC45,10,Airbus Helicopters UH-72A Lakota
AE1FB0,10-72161,EC45,10,Airbus Helicopters UH-72A Lakota
AE1FB1,10-72162,EC45,10,Airbus Helicopters UH-72A Lakota
AE1FB2,10-72163,EC45,10,Airbus Helicopters UH-72A Lakota
AE1FB3,10-72164,EC45,10,Airbus Helicopters UH-72A Lakota
AE1FB4,10-72165,EC45,10,Airbus Helicopters UH-72A Lakota
AE1FB5,10-72166,EC45,10,Airbus Helicopters UH-72A Lakota
AE1FB6,10-72167,EC45,10,Airbus Helicopters UH-72A Lakota
AE1FB7,10-72168,EC45,10,Airbus Helicopters UH-72A Lakota
AE1FB8,10-72169,EC45,10,Airbus Helicopters UH-72A Lakota
AE1FB9,10-72170,EC45,10,Airbus Helicopters UH-72A Lakota
AE1FBA,10-72171,EC45,10,Airbus Helicopters UH-72A Lakota
AE1FBB,10-72172,EC45,10,Airbus Helicopters UH-72A Lakota
AE1FBC,10-72173,EC45,10,Airbus Helicopters UH-72A Lakota
AE1FBD,10-72174,EC45,10,Airbus Helicopters UH-72A Lakota
AE1FBE,10-72175,EC45,10,Airbus Helicopters UH-72A Lakota
AE1FBF,10-72176,EC45,10,Airbus Helicopters UH-72A Lakota
AE1FC0,10-72177,EC45,10,Airbus Helicopters UH-72A Lakota
AE1FC1,10-72178,EC45,10,Airbus Helicopters UH-72A Lakota
AE1FC2,10-72179,EC45,10,Airbus Helicopters UH-72A Lakota
AE1FC3,10-72180,EC45,10,Airbus Helicopters UH-72A Lakota
AE1FC4,10-72181,EC45,10,Airbus Helicopters UH-72A Lakota
AE1FC5,10-72182,EC45,10,Airbus Helicopters UH-72A Lakota
AE1FC6,10-72183,EC45,10,Airbus Helicopters UH-72A Lakota
AE1FC7,11-72184,EC45,10,Airbus Helicopters UH-72A Lakota
AE1FC8,10-72185,EC45,10,Airbus Helicopters UH-72A Lakota
AE1FC9,11-72186,EC45,10,Airbus Helicopters UH-72A Lakota
AE1FCA,11-72187,EC45,10,Airbus Helicopters UH-72A Lakota
AE1FCB,11-72188,EC45,10,Airbus Helicopters UH-72A Lakota
AE1FCC,11-72189,EC45,10,Airbus Helicopters UH-72A Lakota
AE1FCD,11-72190,EC45,10,Airbus Helicopters UH-72A Lakota
AE1FCE,11-72191,EC45,10,Airbus Helicopters UH-72A Lakota
AE1FCF,11-72192,EC45,10,Airbus Helicopters UH-72A Lakota
AE1FD0,11-72193,EC45,10,Airbus Helicopters UH-72A Lakota
AE1FD1,11-72194,EC45,10,Airbus Helicopters UH-72A Lakota
AE1FD2,11-72195,EC45,10,Airbus Helicopters UH-72A Lakota
AE1FD3,11-72196,EC45,10,Airbus Helicopters UH-72A Lakota
AE1FD4,11-72197,EC45,10,Airbus Helicopters UH-72A Lakota
AE1FD5,11-72198,EC45,10,Airbus Helicopters UH-72A Lakota
AE1FD6,11-72199,EC45,10,Airbus Helicopters UH-72A Lakota
AE1FD7,11-72200,EC45,10,Airbus Helicopters UH-72A Lakota
AE1FD8,11-72201,EC45,10,Airbus Helicopters UH-72A Lakota
AE1FD9,11-72202,EC45,10,Airbus Helicopters UH-72A Lakota
AE1FDA,11-72203,EC45,10,Airbus Helicopters UH-72A Lakota
AE1FDB,11-72204,EC45,10,Airbus Helicopters UH-72A Lakota
AE1FDC,11-72205,EC45,10,Airbus Helicopters UH-72A Lakota
AE1FDD,11-72206,EC45,10,Airbus Helicopters UH-72A Lakota
AE1FDE,11-72207,EC45,10,Airbus Helicopters UH-72A Lakota
AE1FDF,11-72208,EC45,10,Airbus Helicopters UH-72A Lakota
AE1FE0,11-72209,EC45,10,Airbus Helicopters UH-72A Lakota
AE1FE1,11-72210,EC45,10,Airbus Helicopters UH-72A Lakota
AE1FE2,11-72211,EC45,10,Airbus Helicopters UH-72A Lakota
AE1FE3,11-72212,EC45,10,Airbus Helicopters UH-72A Lakota
AE1FE4,11-72213,EC45,10,Airbus Helicopters UH-72A Lakota
AE1FE5,11-72214,EC45,10,Airbus Helicopters UH-72A Lakota
AE1FE6,12-72215,EC45,10,Airbus Helicopters UH-72A Lakota
AE1FE8,11-72217,EC45,10,Airbus Helicopters UH-72A Lakota
AE1FE9,12-72218,EC45,10,Airbus Helicopters UH-72A Lakota
AE1FEA,11-72219,EC45,10,Airbus Helicopters UH-72A Lakota
AE1FEB,12-72220,EC45,10,Airbus Helicopters UH-72A Lakota
AE1FEC,12-72221,EC45,10,Airbus Helicopters UH-72A Lakota
AE1FED,12-72222,EC45,10,Airbus Helicopters UH-72A Lakota
AE1FEE,12-72223,EC45,10,Airbus Helicopters UH-72A Lakota
AE1FEF,11-72224,EC45,10,Airbus Helicopters UH-72A Lakota
AE1FF0,12-72225,EC45,10,Airbus Helicopters UH-72A Lakota
AE1FF1,12-72226,EC45,10,Airbus Helicopters UH-72A Lakota
AE1FF2,12-72227,EC45,10,Airbus Helicopters UH-72A Lakota
AE1FF3,12-72228,EC45,10,Airbus Helicopters UH-72A Lakota
AE1FF4,12-72229,EC45,10,Airbus Helicopters UH-72A Lakota
AE1FF5,12-72230,EC45,10,Airbus Helicopters UH-72A Lakota
AE1FF6,12-72231,EC45,10,Airbus Helicopters UH-72A Lakota
AE1FF7,12-72232,EC45,10,Airbus Helicopters UH-72A Lakota
AE1FF8,12-72233,EC45,10,Airbus Helicopters UH-72A Lakota
AE1FF9,12-72234,EC45,10,Airbus Helicopters UH-72A Lakota
AE1FFA,12-72235,EC45,10,Airbus Helicopters UH-72A Lakota
AE1FFB,12-72236,EC45,10,Airbus Helicopters UH-72A Lakota
AE1FFC,12-72237,EC45,10,Airbus Helicopters UH-72A Lakota
AE1FFD,12-72238,EC45,10,Airbus Helicopters UH-72A Lakota
AE1FFE,12-72239,EC45,10,Airbus Helicopters UH-72A Lakota
AE1FFF,12-72240,EC45,10,Airbus Helicopters UH-72A Lakota
AE2000,12-72241,EC45,10,Airbus Helicopters UH-72A Lakota
AE2001,12-72242,EC45,10,Airbus Helicopters UH-72A Lakota
AE2002,12-72243,EC45,10,Airbus Helicopters UH-72A Lakota
AE2003,12-72244,EC45,10,Airbus Helicopters UH-72A Lakota
AE2004,12-72245,EC45,10,Airbus Helicopters UH-72A Lakota
AE2005,12-72246,EC45,10,Airbus Helicopters UH-72A Lakota
AE2006,12-72247,EC45,10,Airbus Helicopters UH-72A Lakota
AE2007,12-72248,EC45,10,Airbus Helicopters UH-72A Lakota
AE2008,12-72249,EC45,10,Airbus Helicopters UH-72A Lakota
AE2009,12-72250,EC45,10,Airbus Helicopters UH-72A Lakota
AE200A,12-72251,EC45,10,Airbus Helicopters UH-72A Lakota
AE200B,12-72252,EC45,10,Airbus Helicopters UH-72A Lakota
AE200C,12-72253,EC45,10,Airbus Helicopters UH-72A Lakota
AE200D,12-72254,EC45,10,Airbus Helicopters UH-72A Lakota
AE200E,12-72255,EC45,10,Airbus Helicopters UH-72A Lakota
AE200F,12-72256,EC45,10,Airbus Helicopters UH-72A Lakota
AE2010,12-72257,EC45,10,Airbus Helicopters UH-72A Lakota
AE2011,12-72258,EC45,10,Airbus Helicopters UH-72A Lakota
AE2012,12-72259,EC45,10,Airbus Helicopters UH-72A Lakota
AE2013,12-72260,EC45,10,Airbus Helicopters UH-72A Lakota
AE2014,12-72261,EC45,10,Airbus Helicopters UH-72A Lakota
AE2015,12-72262,EC45,10,Airbus Helicopters UH-72A Lakota
AE2016,12-72263,EC45,10,Airbus Helicopters UH-72A Lakota
AE2017,12-72264,EC45,10,Airbus Helicopters UH-72A Lakota
AE2018,12-72265,EC45,10,Airbus Helicopters UH-72A Lakota
AE2019,12-72266,EC45,10,Airbus Helicopters UH-72A Lakota
AE201A,12-72267,EC45,10,Airbus Helicopters UH-72A Lakota
AE201B,12-72268,EC45,10,Airbus Helicopters UH-72A Lakota
AE201C,12-72269,EC45,10,Airbus Helicopters UH-72A Lakota
AE201D,12-72270,EC45,10,Airbus Helicopters UH-72A Lakota
AE201E,12-72271,EC45,10,Airbus Helicopters UH-72A Lakota
AE201F,13-72272,EC45,10,Airbus Helicopters UH-72A Lakota
AE2020,13-72273,EC45,10,Airbus Helicopters UH-72A Lakota
AE2021,13-72274,EC45,10,Airbus Helicopters UH-72A Lakota
AE2022,13-72275,EC45,10,Airbus Helicopters UH-72A Lakota
AE2023,13-72276,EC45,10,Airbus Helicopters UH-72A Lakota
AE2024,13-72277,EC45,10,Airbus Helicopters UH-72A Lakota
AE2025,13-72278,EC45,10,Airbus Helicopters UH-72A Lakota
AE2026,13-72279,EC45,10,Airbus Helicopters UH-72A Lakota
AE2027,13-72280,EC45,10,Airbus Helicopters UH-72A Lakota
AE2028,13-72281,EC45,10,Airbus Helicopters UH-72A Lakota
AE2029,13-72282,EC45,10,Airbus Helicopters UH-72A Lakota
AE202A,13-72283,EC45,10,Airbus Helicopters UH-72A Lakota
AE202B,13-72284,EC45,10,Airbus Helicopters UH-72A Lakota
AE202C,13-72285,EC45,10,Airbus Helicopters UH-72A Lakota
AE202D,13-72286,EC45,10,Airbus Helicopters UH-72A Lakota
AE202E,13-72287,EC45,10,Airbus Helicopters UH-72A Lakota
AE202F,13-72288,EC45,10,Airbus Helicopters UH-72A Lakota
AE2030,13-72289,EC45,10,Airbus Helicopters UH-72A Lakota
AE2031,13-72290,EC45,10,Airbus Helicopters UH-72A Lakota
AE2032,13-72291,EC45,10,Airbus Helicopters UH-72A Lakota
AE2033,13-72292,EC45,10,Airbus Helicopters UH-72A Lakota
AE2034,13-72293,EC45,10,Airbus Helicopters UH-72A Lakota
AE2035,13-72294,EC45,10,Airbus Helicopters UH-72A Lakota
AE2036,13-72295,EC45,10,Airbus Helicopters UH-72A Lakota
AE2037,13-72296,EC45,10,Airbus Helicopters UH-72A Lakota
AE2038,13-72297,EC45,10,Airbus Helicopters UH-72A Lakota
AE2039,13-72298,EC45,10,Airbus Helicopters UH-72A Lakota
AE203A,13-72299,EC45,10,Airbus Helicopters UH-72A Lakota
AE203B,13-72300,EC45,10,Airbus Helicopters UH-72A Lakota
AE203C,13-72301,EC45,10,Airbus Helicopters UH-72A Lakota
AE203D,13-72302,EC45,10,Airbus Helicopters UH-72A Lakota
AE203E,13-72303,EC45,10,Airbus Helicopters UH-72A Lakota
AE203F,13-72304,EC45,10,Airbus Helicopters UH-72A Lakota
AE2040,14-72305,EC45,10,Airbus Helicopters UH-72A Lakota
AE2041,14-72306,EC45,10,Airbus Helicopters UH-72A Lakota
AE2042,14-72307,EC45,10,Airbus Helicopters UH-72A Lakota
AE2043,14-72308,EC45,10,Airbus Helicopters UH-72A Lakota
AE2044,14-72309,EC45,10,Airbus Helicopters UH-72A Lakota
AE2045,14-72310,EC45,10,Airbus Helicopters UH-72A Lakota
AE2046,14-72311,EC45,10,Airbus Helicopters UH-72A Lakota
AE2047,14-72312,EC45,10,Airbus Helicopters UH-72A Lakota
AE2048,14-72313,EC45,10,Airbus Helicopters UH-72A Lakota
AE2049,14-72314,EC45,10,Airbus Helicopters UH-72A Lakota
AE204A,14-72315,EC45,10,Airbus Helicopters UH-72A Lakota
AE204B,14-72316,EC45,10,Airbus Helicopters UH-72A Lakota
AE204C,14-72317,EC45,10,Airbus Helicopters UH-72A Lakota
AE204D,14-72318,EC45,10,Airbus Helicopters UH-72A Lakota
AE204E,14-72319,EC45,10,Airbus Helicopters UH-72A Lakota
AE204F,14-72320,EC45,10,Airbus Helicopters UH-72A Lakota
AE2050,14-72321,EC45,10,Airbus Helicopters UH-72A Lakota
AE2051,14-72322,EC45,10,Airbus Helicopters UH-72A Lakota
AE2052,14-72323,EC45,10,Airbus Helicopters UH-72A Lakota
AE2053,14-72324,EC45,10,Airbus Helicopters UH-72A Lakota
AE2054,14-72325,EC45,10,Airbus Helicopters UH-72A Lakota
AE2055,14-72326,EC45,10,Airbus Helicopters UH-72A Lakota
AE2056,14-72327,EC45,10,Airbus Helicopters UH-72A Lakota
AE2057,14-72328,EC45,10,Airbus Helicopters UH-72A Lakota
AE2058,14-72329,EC45,10,Airbus Helicopters UH-72A Lakota
AE2059,14-72330,EC45,10,Airbus Helicopters UH-72A Lakota
AE205A,14-72331,EC45,10,Airbus Helicopters UH-72A Lakota
AE205B,14-72332,EC45,10,Airbus Helicopters UH-72A Lakota
AE205C,14-72333,EC45,10,Airbus Helicopters UH-72A Lakota
AE205D,14-72334,EC45,10,Airbus Helicopters UH-72A Lakota
AE205E,14-72335,EC45,10,Airbus Helicopters UH-72A Lakota
AE205F,14-72336,EC45,10,Airbus Helicopters UH-72A Lakota
AE2060,14-72337,EC45,10,Airbus Helicopters UH-72A Lakota
AE2061,14-72338,EC45,10,Airbus Helicopters UH-72A Lakota
AE2062,14-72339,EC45,10,Airbus Helicopters UH-72A Lakota
AE2063,14-72340,EC45,10,Airbus Helicopters UH-72A Lakota
AE2064,14-72341,EC45,10,Airbus Helicopters UH-72A Lakota
AE2065,14-72342,EC45,10,Airbus Helicopters UH-72A Lakota
AE2066,14-72343,EC45,10,Airbus Helicopters UH-72A Lakota
AE2067,14-72344,EC45,10,Airbus Helicopters UH-72A Lakota
AE2068,14-72345,EC45,10,Airbus Helicopters UH-72A Lakota
AE2C39,168245,EC45,10,Airbus Helicopters UH-72A Lakota
AE2C3A,168246,EC45,10,Airbus Helicopters UH-72A Lakota
AE2C3B,168247,EC45,10,Airbus Helicopters UH-72A Lakota
AE2C3C,168248,EC45,10,Airbus Helicopters UH-72A Lakota
AE2C3D,168249,EC45,10,Airbus Helicopters UH-72A Lakota
AE5A46,14-72346,EC45,10,Airbus Helicopters UH-72A Lakota
AE5A47,14-72347,EC45,10,Airbus Helicopters UH-72A Lakota
AE5A48,14-72348,EC45,10,Airbus Helicopters UH-72A Lakota
AE5A49,14-72349,EC45,10,Airbus Helicopters UH-72A Lakota
AE5A4A,14-72350,EC45,10,Airbus Helicopters UH-72A Lakota
AE5A4B,14-72351,EC45,10,Airbus Helicopters UH-72A Lakota
AE5A4C,14-72352,EC45,10,Airbus Helicopters UH-72A Lakota
AE5A4D,14-72353,EC45,10,Airbus Helicopters UH-72A Lakota
AE5A4E,14-72354,EC45,10,Airbus Helicopters UH-72A Lakota
AE5A4F,14-72355,EC45,10,Airbus Helicopters UH-72A Lakota
AE5A50,14-72356,EC45,10,Airbus Helicopters UH-72A Lakota
AE5A51,14-72357,EC45,10,Airbus Helicopters UH-72A Lakota
AE5A52,14-72358,EC45,10,Airbus Helicopters UH-72A Lakota
AE5A53,15-72359,EC45,10,Airbus Helicopters UH-72A Lakota
AE5A54,15-72360,EC45,10,Airbus Helicopters UH-72A Lakota
AE5A55,15-72361,EC45,10,Airbus Helicopters UH-72A Lakota
AE5A56,15-72362,EC45,10,Airbus Helicopters UH-72A Lakota
AE5A57,15-72363,EC45,10,Airbus Helicopters UH-72A Lakota
AE5A58,15-72364,EC45,10,Airbus Helicopters UH-72A Lakota
AE5A59,15-72365,EC45,10,Airbus Helicopters UH-72A Lakota
AE5A5A,15-72366,EC45,10,Airbus Helicopters UH-72A Lakota
AE5A5B,15-72367,EC45,10,Airbus Helicopters UH-72A Lakota
AE5A5C,15-72368,EC45,10,Airbus Helicopters UH-72A Lakota
AE5A5D,15-72369,EC45,10,Airbus Helicopters UH-72A Lakota
AE5A5E,15-72370,EC45,10,Airbus Helicopters UH-72A Lakota
AE5A5F,15-72371,EC45,10,Airbus Helicopters UH-72A Lakota
AE5A60,15-72372,EC45,10,Airbus Helicopters UH-72A Lakota
AE5A61,15-72373,EC45,10,Airbus Helicopters UH-72A Lakota
AE5A62,15-72374,EC45,10,Airbus Helicopters UH-72A Lakota
AE5A63,15-72375,EC45,10,Airbus Helicopters UH-72A Lakota
AE5A64,15-72376,EC45,10,Airbus Helicopters UH-72A Lakota
AE5A65,15-72377,EC45,10,Airbus Helicopters UH-72A Lakota
AE5A66,15-72378,EC45,10,Airbus Helicopters UH-72A Lakota
AE5A67,15-72379,EC45,10,Airbus Helicopters UH-72A Lakota
AE5A68,15-72380,EC45,10,Airbus Helicopters UH-72A Lakota
AE5A69,15-72381,EC45,10,Airbus Helicopters UH-72A Lakota
AE5A6A,15-72382,EC45,10,Airbus Helicopters UH-72A Lakota
AE5A6B,15-72383,EC45,10,Airbus Helicopters UH-72A Lakota
AE5A6C,15-72384,EC45,10,Airbus Helicopters UH-72A Lakota
AE5A6D,15-72385,EC45,10,Airbus Helicopters UH-72A Lakota
AE5A6E,15-72386,EC45,10,Airbus Helicopters UH-72A Lakota
AE5A6F,15-72387,EC45,10,Airbus Helicopters UH-72A Lakota
AE5A70,15-72388,EC45,10,Airbus Helicopters UH-72A Lakota
AE5A71,15-72389,EC45,10,Airbus Helicopters UH-72A Lakota
AE5A72,15-72390,EC45,10,Airbus Helicopters UH-72A Lakota
AE5A73,15-72391,EC45,10,Airbus Helicopters UH-72A Lakota
AE5A74,15-72392,EC45,10,Airbus Helicopters UH-72A Lakota
AE5A75,15-72393,EC45,10,Airbus Helicopters UH-72A Lakota
AE5A76,15-72394,EC45,10,Airbus Helicopters UH-72A Lakota
AE5A77,15-72395,EC45,10,Airbus Helicopters UH-72A Lakota
AE5A78,15-72396,EC45,10,Airbus Helicopters UH-72A Lakota
AE5A79,15-72397,EC45,10,Airbus Helicopters UH-72A Lakota
AE5A7A,15-72398,EC45,10,Airbus Helicopters UH-72A Lakota
AE5A7B,15-72399,EC45,10,Airbus Helicopters UH-72A Lakota
AE5A7C,15-72400,EC45,10,Airbus Helicopters UH-72A Lakota
AE5A7D,15-72401,EC45,10,Airbus Helicopters UH-72A Lakota
AE5A7E,15-72402,EC45,10,Airbus Helicopters UH-72A Lakota
AE5A7F,15-72403,EC45,10,Airbus Helicopters UH-72A Lakota
AE5A80,15-72404,EC45,10,Airbus Helicopters UH-72A Lakota
AE5A81,15-72405,EC45,10,Airbus Helicopters UH-72A Lakota
AE5A82,15-72406,EC45,10,Airbus Helicopters UH-72A Lakota
AE5A83,15-72407,EC45,10,Airbus Helicopters UH-72A Lakota
AE5A84,15-72408,EC45,10,Airbus Helicopters UH-72A Lakota
AE5A85,15-72409,EC45,10,Airbus Helicopters UH-72A Lakota
AE5A86,15-72410,EC45,10,Airbus Helicopters UH-72A Lakota
AE5A87,15-72411,EC45,10,Airbus Helicopters UH-72A Lakota
AE5A88,15-72412,EC45,10,Airbus Helicopters UH-72A Lakota
AE5A89,18-72413,EC45,10,Airbus Helicopters UH-72A Lakota
AE5A8A,18-72414,EC45,10,Airbus Helicopters UH-72A Lakota
AE5A8B,18-72415,EC45,10,Airbus Helicopters UH-72A Lakota
AE5A8C,18-72416,EC45,10,Airbus Helicopters UH-72A Lakota
AE5A8D,18-72417,EC45,10,Airbus Helicopters UH-72A Lakota
AE5A8E,18-72418,EC45,10,Airbus Helicopters UH-72A Lakota
AE5A8F,18-72419,EC45,10,Airbus Helicopters UH-72A Lakota
AE5A90,18-72420,EC45,10,Airbus Helicopters UH-72A Lakota
AE5A91,18-72421,EC45,10,Airbus Helicopters UH-72A Lakota
AE5A92,18-72422,EC45,10,Airbus Helicopters UH-72A Lakota
AE5A93,18-72423,EC45,10,Airbus Helicopters UH-72A Lakota
AE5A94,18-72424,EC45,10,Airbus Helicopters UH-72A Lakota
AE5A95,18-72425,EC45,10,Airbus Helicopters UH-72A Lakota
AE5A96,18-72426,EC45,10,Airbus Helicopters UH-72A Lakota
AE5A97,18-72427,EC45,10,Airbus Helicopters UH-72A Lakota
AE5A98,18-72428,EC45,10,Airbus Helicopters UH-72A Lakota
AE6324,16-72429,EC45,10,Airbus Helicopters UH-72A Lakota
AE6325,16-72430,EC45,10,Airbus Helicopters UH-72A Lakota
AE6326,16-72431,EC45,10,Airbus Helicopters UH-72A Lakota
AE6327,16-72432,EC45,10,Airbus Helicopters UH-72A Lakota
AE6328,19-72433,EC45,10,Airbus Helicopters UH-72A Lakota
AE6329,19-72434,EC45,10,Airbus Helicopters UH-72A Lakota
AE632A,19-72435,EC45,10,Airbus Helicopters UH-72A Lakota
AE632B,19-72436,EC45,10,Airbus Helicopters UH-72A Lakota
AE632C,19-72437,EC45,10,Airbus Helicopters UH-72A Lakota
AE632D,19-72438,EC45,10,Airbus Helicopters UH-72A Lakota
AE632E,19-72439,EC45,10,Airbus Helicopters UH-72A Lakota
AE632F,19-72440,EC45,10,Airbus Helicopters UH-72A Lakota
AE6330,19-72441,EC45,10,Airbus Helicopters UH-72A Lakota
AE6331,19-72442,EC45,10,Airbus Helicopters UH-72A Lakota
AE6332,19-72443,EC45,10,Airbus Helicopters UH-72A Lakota
AE6333,19-72444,EC45,10,Airbus Helicopters UH-72A Lakota
AE6334,19-72445,EC45,10,Airbus Helicopters UH-72A Lakota
AE6335,19-72446,EC45,10,Airbus Helicopters UH-72A Lakota
AE6337,19-72447,EC45,10,Airbus Helicopters UH-72A Lakota
AE6338,19-72448,EC45,10,Airbus Helicopters UH-72A Lakota
AE6339,19-72449,EC45,10,Airbus Helicopters UH-72A Lakota
AE633A,19-72450,EC45,10,Airbus Helicopters UH-72A Lakota
AE633B,19-72451,EC45,10,Airbus Helicopters UH-72A Lakota
AE633C,19-72452,EC45,10,Airbus Helicopters UH-72A Lakota
AE633D,19-72453,EC45,10,Airbus Helicopters UH-72A Lakota
AE633E,19-72454,EC45,10,Airbus Helicopters UH-72A Lakota
AE633F,19-72455,EC45,10,Airbus Helicopters UH-72A Lakota
AE6340,19-72456,EC45,10,Airbus Helicopters UH-72A Lakota
AE6341,19-72457,EC45,10,Airbus Helicopters UH-72A Lakota
AE6342,19-72458,EC45,10,Airbus Helicopters UH-72A Lakota
AE6344,19-72460,EC45,10,Airbus Helicopters UH-72A Lakota
AE6345,19-72461,EC45,10,Airbus Helicopters UH-72A Lakota
AE6346,19-72462,EC45,10,Airbus Helicopters UH-72A Lakota
AE6347,19-72463,EC45,10,Airbus Helicopters UH-72A Lakota
AE6348,20-72464,EC45,10,Airbus Helicopters UH-72B Lakota
AE634A,20-72466,EC45,10,Airbus Helicopters UH-72B Lakota
AE634C,20-72468,EC45,10,Airbus Helicopters UH-72B Lakota
AE634D,20-72469,EC45,10,Airbus Helicopters UH-72B Lakota
AE634E,20-72470,EC45,10,Airbus Helicopters UH-72B Lakota
AE634F,20-72471,EC45,10,Airbus Helicopters UH-72B Lakota
AE6350,20-72472,EC45,10,Airbus Helicopters UH-72B Lakota
AE6351,20-72473,EC45,10,Airbus Helicopters UH-72B Lakota
AE6353,20-72475,EC45,10,Airbus Helicopters UH-72B Lakota
AE6354,20-72476,EC45,10,Airbus Helicopters UH-72B Lakota
AE6355,20-72477,EC45,10,Airbus Helicopters UH-72B Lakota
