AE5137,09-05666,H64,10,Boeing AH-64D Apache
AE6DAE,21-03366,H64,10,Boeing AH-64E Apache
AE6DAF,21-03367,H64,10,Boeing AH-64E Apache
AE6DB0,21-03368,H64,10,Boeing AH-64E Apache
AE6DB1,21-03369,H64,10,Boeing AH-64E Apache
AE6DB2,21-03370,H64,10,Boeing AH-64E Apache
AE6DB3,21-03371,H64,10,Boeing AH-64E Apache
AE6DB4,21-03372,H64,10,Boeing AH-64E Apache
AE6DB5,21-03373,H64,10,Boeing AH-64E Apache
AE6DB6,21-03374,H64,10,Boeing AH-64E Apache
AE6DB8,21-03376,H64,10,Boeing AH-64E Apache
AE6DB9,21-03377,H64,10,Boeing AH-64E Apache
AE6DBA,21-03378,H64,10,Boeing AH-64E Apache
AE6DBB,21-03379,H64,10,Boeing AH-64E Apache
AE6DBC,21-03380,H64,10,Boeing AH-64E Apache
AE6DBD,21-03381,H64,10,Boeing AH-64E Apache
AE6DBE,21-03382,H64,10,Boeing AH-64E Apache
AE6DBF,21-03383,H64,10,Boeing AH-64E Apache
AE6DC0,21-03384,H64,10,Boeing AH-64E Apache
AE6DC1,21-03385,H64,10,Boeing AH-64E Apache
AE6DC2,21-03386,H64,10,Boeing AH-64E Apache
AE6DC3,21-03387,H64,10,Boeing AH-64E Apache
AE6DC4,21-03388,H64,10,Boeing AH-64E Apache
AE6DC5,21-03389,H64,10,Boeing AH-64E Apache
AE7473,21-03390,H64,10,Boeing AH-64E Apache
AE7474,21-03391,H64,10,Boeing AH-64E Apache
AE7475,21-03392,H64,10,Boeing AH-64E Apache
AE7476,21-03393,H64,10,Boeing AH-64E Apache
AE7477,21-03394,H64,10,Boeing AH-64E Apache
AE7478,21-03395,H64,10,Boeing AH-64E Apache
AE7479,21-03396,H64,10,Boeing AH-64E Apache
AE747A,21-03397,H64,10,Boeing AH-64E Apache
AE747B,21-03398,H64,10,Boeing AH-64E Apache
AE747C,21-03399,H64,10,Boeing AH-64E Apache
AE747D,21-03400,H64,10,Boeing AH-64E Apache
AE747E,21-03401,H64,10,Boeing AH-64E Apache
AE747F,21-03402,H64,10,Boeing AH-64E Apache
AE7483,21-03406,H64,10,Boeing AH-64E Apache
AE7484,21-03407,H64,10,Boeing AH-64E Apache
AE7485,21-03408,H64,10,Boeing AH-64E Apache
AE7486,21-03409,H64,10,Boeing AH-64E Apache
AE7487,21-03410,H64,10,Boeing AH-64E Apache
AE748A,21-03413,H64,10,Boeing AH-64E Apache
AE748B,21-03414,H64,10,Boeing AH-64E Apache
AE748C,21-03415,H64,10,Boeing AH-64E Apache
AE74BE,21-03419,H64,10,Boeing AH-64E Apache
AE74BF,21-03420,H64,10,Boeing AH-64E Apache
AE74C0,21-03421,H64,10,Boeing AH-64E Apache
AE74C4,21-03425,H64,10,Boeing AH-64E Apache
AE74C5,21-03426,H64,10,Boeing AH-64E Apache
43C000,ZJ219,H64,10,Westland Apache AH.1
43C20A,ZJ168,H64,10,Westland Apache AH.1
43C20C,ZJ173,H64,10,Westland Apache AH.1
43C24A,ZJ182,H64,10,Westland Apache AH.1
43C24B,ZJ186,H64,10,Westland Apache AH.1
43C250,ZJ188,H64,10,Westland Apache AH.1
43C251,ZJ189,H64,10,Westland Apache AH.1
43C252,ZJ191,H64,10,Westland Apache AH.1
43C254,ZJ192,H64,10,Westland Apache AH.1
43C255,ZJ195,H64,10,Westland Apache AH.1
43C256,ZJ193,H64,10,Westland Apache AH.1
43C257,ZJ197,H64,10,Westland Apache AH.1
43C258,ZJ198,H64,10,Westland Apache AH.1
43C25A,ZJ199,H64,10,Westland Apache AH.1
43C25B,ZJ204,H64,10,Westland Apache AH.1
43C25C,ZJ208,H64,10,Westland Apache AH.1
43C265,ZJ210,H64,10,Westland Apache AH.1
43C267,ZJ213,H64,10,Westland Apache AH.1
43C26A,ZJ216,H64,10,Westland Apache AH.1
43C26C,ZJ215,H64,00,Westland Apache AH.1
43C26E,ZJ218,H64,10,Westland Apache AH.1
43C26F,ZJ220,H64,10,Westland Apache AH.1
43C271,ZJ221,H64,10,Westland Apache AH.1
43C272,ZJ223,H64,10,Westland Apache AH.1
43C273,ZJ209,H64,10,Westland Apache AH.1
43C274,ZJ224,H64,10,Westland Apache AH.1
43C275,ZJ226,H64,10,Westland Apache AH.1
43C276,ZJ225,H64,10,Westland Apache AH.1
43C277,ZJ228,H64,10,Westland Apache AH.1
43C279,ZJ230,H64,10,Westland Apache AH.1
43C27B,ZJ233,H64,10,Westland Apache AH.1
43C27C,ZJ211,H64,10,Westland Apache AH.1
43C92F,ZM701,H64,10,Boeing AH-64E Apache
43C930,ZM702,H64,10,Boeing AH-64E Apache
43C931,ZM703,H64,10,Boeing AH-64E Apache
43C932,ZM704,H64,10,Boeing AH-64E Apache
43C933,ZM705,H64,10,Boeing AH-64E Apache
43C934,ZM706,H64,10,Boeing AH-64E Apache
43C935,ZM707,H64,10,Boeing AH-64E Apache
43C936,ZM708,H64,10,Boeing AH-64E Apache
43C937,ZM709,H64,10,Boeing AH-64E Apache
43C938,ZM710,H64,10,Boeing AH-64E Apache
43C93A,ZM712,H64,10,Boeing AH-64E Apache
43C93C,ZM714,H64,10,Boeing AH-64E Apache
43C93D,ZM715,H64,10,Boeing AH-64E Apache
43C93E,ZM716,H64,10,Boeing AH-64E Apache
43C940,ZM718,H64,10,Boeing AH-64E Apache
480850,Q-01,H64,10,Boeing AH-64D Apache
480852,Q-03,H64,10,Boeing AH-64D Apache
480853,Q-04,H64,10,Boeing AH-64D Apache
480854,Q-05,H64,10,Boeing AH-64D Apache
480857,Q-08,H64,10,Boeing AH-64D Apache
480858,Q-09,H64,10,Boeing AH-64D Apache
480859,Q-10,H64,10,Boeing AH-64D Apache
48085B,Q-12,H64,10,Boeing AH-64D Apache
48085C,Q-13,H64,10,Boeing AH-64D Apache
48085D,Q-14,H64,10,Boeing AH-64D Apache
48085F,Q-16,H64,10,Boeing AH-64D Apache
480860,Q-17,H64,10,Boeing AH-64D Apache
480861,Q-18,H64,10,Boeing AH-64D Apache
480862,Q-19,H64,10,Boeing AH-64D Apache
480864,Q-21,H64,10,Boeing AH-64D Apache
480865,Q-22,H64,10,Boeing AH-64D Apache
480866,Q-23,H64,10,Boeing AH-64D Apache
480867,Q-24,H64,10,Boeing AH-64D Apache
480868,Q-25,H64,10,Boeing AH-64D Apache
480869,Q-26,H64,10,Boeing AH-64D Apache
48086C,Q-29,H64,10,Boeing AH-64D Apache
48086D,Q-30,H64,10,Boeing AH-64D Apache
