AE5B6E,01-0415,PC12,10,Pilatus U-28A Draco
AE5B7B,04-0688,PC12,10,Pilatus U-28A Draco
AE5B6D,05-0409,PC12,10,Pilatus U-28A Draco
AE5B6F,05-0419,PC12,10,Pilatus U-28A Draco
AE5B70,05-0424,PC12,10,Pilatus U-28A Draco
AE5B71,05-0446,PC12,10,Pilatus U-28A Draco
AE5B72,05-0447,PC12,10,Pilatus U-28A Draco
AE5B73,05-0482,PC12,10,Pilatus U-28A Draco
AE5B76,05-0556,PC12,10,Pilatus U-28A Draco
AE5B77,05-0573,PC12,10,Pilatus U-28A Draco
AE5B79,05-0597,PC12,10,Pilatus U-28A Draco
AE5B74,07-0488,PC12,10,Pilatus U-28A Draco
AE5B7C,07-0691,PC12,10,Pilatus U-28A Draco
AE5B7F,07-0711,PC12,10,Pilatus U-28A Draco
AE5B80,07-0712,PC12,10,Pilatus U-28A Draco
AE5B87,07-0821,PC12,10,Pilatus U-28A Draco
AE5B89,07-0829,PC12,10,Pilatus U-28A Draco
AE5B8B,07-0838,PC12,10,Pilatus U-28A Draco
AE5B8C,07-0840,PC12,10,Pilatus U-28A Draco
AE5B75,08-0519,PC12,10,Pilatus U-28A Draco
AE5B7E,08-0700,PC12,10,Pilatus U-28A Draco
AE5B81,08-0718,PC12,10,Pilatus U-28A Draco
AE5B84,08-0790,PC12,10,Pilatus U-28A Draco
AE5B86,08-0809,PC12,10,Pilatus U-28A Draco
AE5B88,08-0822,PC12,10,Pilatus U-28A Draco
AE5B8A,08-0835,PC12,10,Pilatus U-28A Draco
AE5B8D,08-0850,PC12,10,Pilatus U-28A Draco
