AE01D9,62-4133,R135,10,Boeing TC-135S
AE01C3,64-14848,R135,10,Boeing RC-135V Rivet Joint
AE01C4,64-14842,R135,10,Boeing RC-135V Rivet Joint
AE01C5,64-14843,R135,10,Boeing RC-135V Rivet Joint
AE01C6,64-14844,R135,10,Boeing RC-135V Rivet Joint
AE01C7,64-14845,R135,10,Boeing RC-135V Rivet Joint
AE01C8,64-14846,R135,10,Boeing RC-135V Rivet Joint
AE01C9,64-14841,R135,10,Boeing RC-135V Rivet Joint
AE01CA,63-9792,R135,10,Boeing RC-135V Rivet Joint
AE01CB,62-4135,R135,10,Boeing RC-135W Rivet Joint
AE01CC,62-4131,R135,10,Boeing RC-135W Rivet Joint
AE01CD,62-4138,R135,10,Boeing RC-135W Rivet Joint
AE01CE,62-4134,R135,10,Boeing RC-135W Rivet Joint
AE01CF,62-4132,R135,10,Boeing RC-135W Rivet Joint
AE01D0,62-4139,R135,10,Boeing RC-135W Rivet Joint
AE01D1,62-4130,R135,10,Boeing RC-135W Rivet Joint
AE01D2,62-4125,R135,10,Boeing RC-135W Rivet Joint
AE01D3,62-4129,R135,10,Boeing TC-135W
AE01D4,64-14847,R135,10,Boeing RC-135U Combat Sent
AE01D5,64-14849,R135,10,Boeing RC-135U Combat Sent
AE01D6,61-2663,R135,10,Boeing RC-135S Cobra Ball
AE01D7,62-4128,R135,10,Boeing RC-135S Cobra Ball
AE01D8,61-2662,R135,10,Boeing RC-135S Cobra Ball
AE1253,62-4126,R135,10,Boeing RC-135W Rivet Joint
43C38C,ZZ664,R135,10,Boeing RC-135W Rivet Joint
