AE00D1,60-0553,T38,10,Northrop T-38C Talon
AE6404,60-0582,T38,10,Northrop T-38A Talon
AE00B0,61-0807,T38,10,Northrop T-38C Talon
AE00B1,61-0835,T38,10,Northrop T-38C Talon
AE00B2,61-0845,T38,10,Northrop T-38C Talon
AE00B3,61-0847,T38,10,Northrop T-38C Talon
AE00F3,61-0848,T38,10,Northrop T-38C Talon
AE00B4,61-0851,T38,10,Northrop T-38C Talon
AE00B6,61-0860,T38,10,Northrop T-38C Talon
AE00B7,61-0863,T38,10,Northrop T-38C Talon
AE00B8,61-0866,T38,10,Northrop T-38C Talon
AE00B9,61-0875,T38,10,Northrop T-38C Talon
AE00BA,61-0876,T38,10,Northrop T-38C Talon
AE00BD,61-0899,T38,10,Northrop T-38C Talon
AE6407,61-0904,T38,10,Northrop T-38A Talon
AE00F4,61-0938,T38,10,Northrop T-38C Talon
AE00D2,61-0940,T38,10,Northrop T-38C Talon
AE63F5,62-3615,T38,10,Northrop T-38A Talon
AE00F5,62-3632,T38,10,Northrop T-38C Talon
AE00BF,62-3641,T38,10,Northrop T-38C Talon
AE6409,62-3660,T38,10,Northrop T-38A Talon
AE00C0,62-3678,T38,10,Northrop T-38C Talon
AE63EF,62-3691,T38,10,Northrop T-38A Talon
AE63E8,62-3702,T38,10,Northrop T-38A Talon
AE00D3,62-3703,T38,10,Northrop T-38C Talon
AE63F6,62-3706,T38,10,Northrop T-38A Talon
AE6408,62-3715,T38,10,Northrop T-38A Talon
AE63F0,62-3722,T38,10,Northrop T-38A Talon
AE00D4,62-3752,T38,10,Northrop T-38C Talon
AE00D5,63-8112,T38,10,Northrop T-38C Talon
AE1897,63-8118,T38,10,Northrop T-38C Talon
AE63F1,63-8131,T38,10,Northrop T-38A Talon
AE63E9,63-8133,T38,10,Northrop T-38A Talon
AE63F7,63-8154,T38,10,Northrop T-38A Talon
AE1514,63-8156,T38,10,Northrop T-38C Talon
AE00D6,63-8162,T38,10,Northrop T-38C Talon
AE63EA,63-8163,T38,10,Northrop T-38A Talon
AE00D7,63-8175,T38,10,Northrop T-38C Talon
AE14D6,63-8184,T38,10,Northrop T-38C Talon
AE00D8,63-8187,T38,10,Northrop T-38C Talon
AE0047,63-8192,T38,10,Northrop T-38C Talon
AE00F6,63-8207,T38,10,Northrop T-38C Talon
AE6405,63-8215,T38,10,Northrop T-38A Talon
AE63EB,63-8218,T38,10,Northrop T-38A Talon
AE63EC,63-8229,T38,10,Northrop T-38A Talon
AE14D7,63-8230,T38,10,Northrop T-38C Talon
AE14D5,63-8241,T38,10,Northrop T-38C Talon
AE00C2,63-8247,T38,10,Northrop T-38C Talon
AE00D9,64-13172,T38,10,Northrop T-38C Talon
AE63F2,64-13176,T38,10,Northrop T-38A Talon
ADFFAB,64-13183,T38,10,Northrop T-38C Talon
ADFF3C,64-13189,T38,10,Northrop T-38C Talon
AE00DA,64-13193,T38,10,Northrop T-38C Talon
AE1898,64-13194,T38,10,Northrop T-38C Talon
ADFFAC,64-13195,T38,10,Northrop T-38C Talon
ADFFAD,64-13196,T38,10,Northrop T-38C Talon
AE00A9,64-13197,T38,10,Northrop T-38C Talon
AE0001,64-13199,T38,10,Northrop T-38C Talon
AE00DB,64-13203,T38,10,Northrop T-38C Talon
AE63CF,64-13206,T38,10,Northrop T-38A Talon
ADFFAE,64-13208,T38,10,Northrop T-38C Talon
ADFFAF,64-13210,T38,10,Northrop T-38C Talon
AE00DC,64-13211,T38,10,Northrop T-38C Talon
ADFFB0,64-13214,T38,10,Northrop T-38C Talon
AE14D4,64-13216,T38,10,Northrop T-38C Talon
AE63DD,64-13217,T38,10,Northrop T-38A Talon
ADFFB2,64-13222,T38,10,Northrop T-38C Talon
AE0049,64-13224,T38,10,Northrop T-38C Talon
AE0003,64-13225,T38,10,Northrop T-38C Talon
ADFFB3,64-13230,T38,10,Northrop T-38C Talon
AE00C3,64-13232,T38,10,Northrop T-38C Talon
AE00F7,64-13233,T38,10,Northrop T-38C Talon
AE004A,64-13234,T38,10,Northrop T-38C Talon
AE0004,64-13235,T38,10,Northrop T-38C Talon
AE004B,64-13239,T38,10,Northrop T-38C Talon
AE63DE,64-13240,T38,10,Northrop T-38A Talon
AE63DF,64-13247,T38,10,Northrop T-38A Talon
ADFFB4,64-13251,T38,10,Northrop T-38C Talon
ADFFB5,64-13255,T38,10,Northrop T-38C Talon
ADFFB6,64-13257,T38,10,Northrop T-38C Talon
AE00C4,64-13259,T38,10,Northrop T-38C Talon
AE00DD,64-13261,T38,10,Northrop T-38C Talon
ADFFB7,64-13262,T38,10,Northrop T-38C Talon
ADFF3E,64-13263,T38,10,Northrop T-38C Talon
AE00DE,64-13264,T38,10,Northrop T-38C Talon
AE63D0,64-13265,T38,10,Northrop T-38A Talon
AE004C,64-13266,T38,10,Northrop T-38C Talon
AE63D1,64-13268,T38,10,Northrop T-38A Talon
AE6406,64-13269,T38,10,Northrop T-38A Talon
AE63E0,64-13270,T38,10,Northrop T-38A Talon
ADFFB8,64-13272,T38,10,Northrop T-38C Talon
ADFF3F,64-13279,T38,10,Northrop T-38C Talon
ADFFB9,64-13282,T38,10,Northrop T-38C Talon
ADFF40,64-13283,T38,10,Northrop T-38C Talon
ADFFBA,64-13284,T38,10,Northrop T-38C Talon
AE63E1,64-13285,T38,10,Northrop T-38A Talon
AE00F9,64-13286,T38,10,Northrop T-38C Talon
AE00FA,64-13288,T38,10,Northrop T-38C Talon
AE0006,64-13289,T38,10,Northrop T-38C Talon
AE0007,64-13293,T38,10,Northrop T-38C Talon
AE004E,64-13295,T38,10,Northrop T-38C Talon
AE63E2,64-13297,T38,10,Northrop T-38A Talon
AE00C6,64-13298,T38,10,Northrop T-38C Talon
AE63E3,64-13301,T38,10,Northrop T-38A Talon
AE00AA,64-13302,T38,10,Northrop T-38C Talon
AE63E4,64-13304,T38,10,Northrop T-38A Talon
ADFF41,65-10317,T38,10,Northrop T-38C Talon
ADFFBB,65-10320,T38,10,Northrop T-38C Talon
AE004F,65-10322,T38,10,Northrop T-38C Talon
AE63D2,65-10324,T38,10,Northrop T-38A Talon
ADFFBC,65-10331,T38,10,Northrop T-38C Talon
AE0050,65-10332,T38,10,Northrop T-38C Talon
AE0009,65-10335,T38,10,Northrop T-38C Talon
AE0051,65-10336,T38,10,Northrop T-38C Talon
AE0052,65-10339,T38,10,Northrop T-38C Talon
AE000A,65-10340,T38,10,Northrop T-38C Talon
AE63E5,65-10342,T38,10,Northrop T-38A Talon
ADFF42,65-10343,T38,10,Northrop T-38C Talon
ADFFBF,65-10345,T38,10,Northrop T-38C Talon
AE000B,65-10349,T38,10,Northrop T-38C Talon
AE00FB,65-10350,T38,10,Northrop T-38C Talon
AE000C,65-10358,T38,10,Northrop T-38C Talon
AE0053,65-10359,T38,10,Northrop T-38C Talon
AE63D3,65-10361,T38,10,Northrop T-38A Talon
AE000D,65-10364,T38,10,Northrop T-38C Talon
AE000E,65-10366,T38,10,Northrop T-38C Talon
AE00E1,65-10367,T38,10,Northrop T-38C Talon
ADFF6C,65-10374,T38,10,Northrop T-38C Talon
AE0010,65-10377,T38,10,Northrop T-38C Talon
ADFFC0,65-10378,T38,10,Northrop T-38C Talon
ADFFC1,65-10379,T38,10,Northrop T-38C Talon
AE00FC,65-10381,T38,10,Northrop T-38C Talon
AE00C7,65-10382,T38,10,Northrop T-38C Talon
ADFFC3,65-10384,T38,10,Northrop T-38C Talon
AE0011,65-10385,T38,10,Northrop T-38C Talon
ADFF6E,65-10387,T38,10,Northrop T-38C Talon
ADFFC4,65-10388,T38,10,Northrop T-38C Talon
ADFF43,65-10390,T38,10,Northrop T-38C Talon
ADFFC5,65-10392,T38,10,Northrop T-38C Talon
AE0012,65-10393,T38,10,Northrop T-38C Talon
AE0014,65-10396,T38,10,Northrop T-38C Talon
AE00FD,65-10399,T38,10,Northrop T-38C Talon
ADFFC7,65-10401,T38,10,Northrop T-38C Talon
AE00E3,65-10403,T38,10,Northrop T-38C Talon
AE00C8,65-10404,T38,10,Northrop T-38C Talon
ADFFC8,65-10407,T38,10,Northrop T-38C Talon
ADFFC9,65-10412,T38,10,Northrop T-38C Talon
ADFFCA,65-10413,T38,10,Northrop T-38C Talon
AE0054,65-10414,T38,10,Northrop T-38C Talon
ADFFCB,65-10416,T38,10,Northrop T-38C Talon
ADFF6F,65-10417,T38,10,Northrop T-38C Talon
AE63D4,65-10418,T38,10,Northrop T-38A Talon
AE63D5,65-10419,T38,10,Northrop T-38A Talon
ADFFCC,65-10420,T38,10,Northrop T-38C Talon
ADFFCD,65-10421,T38,10,Northrop T-38C Talon
AE00C9,65-10422,T38,10,Northrop T-38C Talon
ADFFCF,65-10427,T38,10,Northrop T-38C Talon
ADFFD0,65-10428,T38,10,Northrop T-38C Talon
AE63E6,65-10429,T38,10,Northrop T-38A Talon
AE0015,65-10430,T38,10,Northrop T-38C Talon
AE0016,65-10431,T38,10,Northrop T-38C Talon
AE00FE,65-10432,T38,10,Northrop T-38C Talon
AE00E4,65-10433,T38,10,Northrop T-38C Talon
AE0017,65-10434,T38,10,Northrop T-38C Talon
AE0018,65-10435,T38,10,Northrop T-38C Talon
AE00CB,65-10437,T38,10,Northrop T-38C Talon
ADFFD1,65-10438,T38,10,Northrop T-38C Talon
ADFF44,65-10440,T38,10,Northrop T-38C Talon
AE63D6,65-10442,T38,10,Northrop T-38A Talon
AE0055,65-10445,T38,10,Northrop T-38C Talon
ADFFD2,65-10447,T38,10,Northrop T-38C Talon
ADFFD3,65-10449,T38,10,Northrop T-38C Talon
AE00E5,65-10452,T38,10,Northrop T-38C Talon
AE00E6,65-10453,T38,10,Northrop T-38C Talon
AE00FF,65-10457,T38,10,Northrop T-38C Talon
ADFF45,65-10458,T38,10,Northrop T-38C Talon
AE0056,65-10459,T38,10,Northrop T-38C Talon
ADFF46,65-10460,T38,10,Northrop T-38C Talon
ADFFD4,65-10461,T38,10,Northrop T-38C Talon
ADFF47,65-10463,T38,10,Northrop T-38C Talon
ADFFD5,65-10464,T38,10,Northrop T-38C Talon
AE00E7,65-10466,T38,10,Northrop T-38C Talon
ADFFD6,65-10467,T38,10,Northrop T-38C Talon
ADFFD7,65-10468,T38,10,Northrop T-38C Talon
ADFF48,65-10469,T38,10,Northrop T-38C Talon
AE0057,65-10470,T38,10,Northrop T-38C Talon
ADFFD8,65-10471,T38,10,Northrop T-38C Talon
AE0100,65-10472,T38,10,Northrop T-38C Talon
ADFF70,65-10474,T38,10,Northrop T-38C Talon
AE0058,66-4320,T38,10,Northrop T-38C Talon
AE0059,66-4321,T38,10,Northrop T-38C Talon
AE005B,66-4324,T38,10,Northrop T-38C Talon
AE005C,66-4325,T38,10,Northrop T-38C Talon
ADFFD9,66-4326,T38,10,Northrop T-38C Talon
ADFF71,66-4327,T38,10,Northrop T-38C Talon
ADFF49,66-4328,T38,10,Northrop T-38C Talon
ADFFDA,66-4330,T38,10,Northrop T-38C Talon
AE63E7,66-4332,T38,10,Northrop T-38A Talon
AE005D,66-4333,T38,10,Northrop T-38C Talon
ADFFDB,66-4334,T38,10,Northrop T-38C Talon
AE001A,66-4335,T38,10,Northrop T-38C Talon
ADFFDC,66-4337,T38,10,Northrop T-38C Talon
ADFFDD,66-4338,T38,10,Northrop T-38C Talon
ADFF72,66-4339,T38,10,Northrop T-38C Talon
AE005E,66-4340,T38,10,Northrop T-38C Talon
AE005F,66-4341,T38,10,Northrop T-38C Talon
AE0060,66-4342,T38,10,Northrop T-38C Talon
AE0061,66-4343,T38,10,Northrop T-38C Talon
AE0062,66-4344,T38,10,Northrop T-38C Talon
AE0063,66-4345,T38,10,Northrop T-38C Talon
AE0064,66-4346,T38,10,Northrop T-38C Talon
AE0065,66-4347,T38,10,Northrop T-38C Talon
AE0066,66-4348,T38,10,Northrop T-38C Talon
AE0067,66-4349,T38,10,Northrop T-38C Talon
AE0068,66-4350,T38,10,Northrop T-38C Talon
AE0069,66-4351,T38,10,Northrop T-38C Talon
ADFFDE,66-4354,T38,10,Northrop T-38C Talon
AE006A,66-4355,T38,10,Northrop T-38C Talon
AE00CC,66-4357,T38,10,Northrop T-38C Talon
ADFFDF,66-4359,T38,10,Northrop T-38C Talon
ADFF4A,66-4360,T38,10,Northrop T-38C Talon
AE00E8,66-4361,T38,10,Northrop T-38C Talon
ADFF74,66-4362,T38,10,Northrop T-38C Talon
AE006B,66-4363,T38,10,Northrop T-38C Talon
ADFF4B,66-4365,T38,10,Northrop T-38C Talon
AE006C,66-4366,T38,10,Northrop T-38C Talon
AE006D,66-4367,T38,10,Northrop T-38C Talon
AE006E,66-4368,T38,10,Northrop T-38C Talon
AE006F,66-4369,T38,10,Northrop T-38C Talon
AE001B,66-4370,T38,10,Northrop T-38C Talon
AE0070,66-4372,T38,10,Northrop T-38C Talon
AE0071,66-4374,T38,10,Northrop T-38C Talon
AE0072,66-4375,T38,10,Northrop T-38C Talon
ADFF75,66-4378,T38,10,Northrop T-38C Talon
ADFFE0,66-4379,T38,10,Northrop T-38C Talon
ADFFE1,66-4380,T38,10,Northrop T-38C Talon
ADFF4C,66-4382,T38,10,Northrop T-38C Talon
AE0073,66-4384,T38,10,Northrop T-38C Talon
ADFFE2,66-4385,T38,10,Northrop T-38C Talon
AE0074,66-4386,T38,10,Northrop T-38C Talon
AE0075,66-4387,T38,10,Northrop T-38C Talon
ADFF4D,66-4389,T38,10,Northrop T-38C Talon
AE0076,66-8350,T38,10,Northrop T-38C Talon
AE0077,66-8352,T38,10,Northrop T-38C Talon
AE0078,66-8353,T38,10,Northrop T-38C Talon
AE0079,66-8357,T38,10,Northrop T-38C Talon
AE00E9,66-8358,T38,10,Northrop T-38C Talon
AE007A,66-8359,T38,10,Northrop T-38C Talon
AE007B,66-8360,T38,10,Northrop T-38C Talon
AE007C,66-8361,T38,10,Northrop T-38C Talon
AE007D,66-8362,T38,10,Northrop T-38C Talon
AE007E,66-8364,T38,10,Northrop T-38C Talon
AE007F,66-8365,T38,10,Northrop T-38C Talon
AE0080,66-8366,T38,10,Northrop T-38C Talon
AE0081,66-8367,T38,10,Northrop T-38C Talon
AE0083,66-8369,T38,10,Northrop T-38C Talon
AE0084,66-8372,T38,10,Northrop T-38C Talon
AE0085,66-8373,T38,10,Northrop T-38C Talon
AE0086,66-8374,T38,10,Northrop T-38C Talon
AE0087,66-8375,T38,10,Northrop T-38C Talon
AE0088,66-8377,T38,10,Northrop T-38C Talon
AE0089,66-8378,T38,10,Northrop T-38C Talon
AE008A,66-8379,T38,10,Northrop T-38C Talon
AE008B,66-8380,T38,10,Northrop T-38C Talon
AE008C,66-8388,T38,10,Northrop T-38C Talon
AE008D,66-8389,T38,10,Northrop T-38C Talon
AE008E,66-8390,T38,10,Northrop T-38C Talon
AE008F,66-8391,T38,10,Northrop T-38C Talon
AE0090,66-8392,T38,10,Northrop T-38C Talon
AE0091,66-8393,T38,10,Northrop T-38C Talon
AE0092,66-8394,T38,10,Northrop T-38C Talon
AE0093,66-8395,T38,10,Northrop T-38C Talon
ADFF78,66-8397,T38,10,Northrop T-38C Talon
AE00CD,66-8398,T38,10,Northrop T-38C Talon
ADFF4E,66-8399,T38,10,Northrop T-38C Talon
ADFFE3,66-8400,T38,10,Northrop T-38C Talon
AE63D7,66-8402,T38,10,Northrop T-38A Talon
ADFF4F,66-8403,T38,10,Northrop T-38C Talon
AE63F8,66-8404,T38,10,Northrop T-38A Talon
AE63D8,67-14826,T38,10,Northrop T-38A Talon
ADFF50,67-14827,T38,10,Northrop T-38C Talon
AE63ED,67-14828,T38,10,Northrop T-38A Talon
ADFF51,67-14829,T38,10,Northrop T-38C Talon
AE63D9,67-14831,T38,10,Northrop T-38A Talon
AE63F9,67-14833,T38,10,Northrop T-38A Talon
AE0094,67-14837,T38,10,Northrop T-38C Talon
AE001D,67-14838,T38,10,Northrop T-38C Talon
ADFFE4,67-14840,T38,10,Northrop T-38C Talon
AE0095,67-14841,T38,10,Northrop T-38C Talon
AE0101,67-14842,T38,10,Northrop T-38C Talon
ADFFE5,67-14844,T38,10,Northrop T-38C Talon
AE63DA,67-14845,T38,10,Northrop T-38A Talon
AE0096,67-14846,T38,10,Northrop T-38C Talon
ADFFE6,67-14848,T38,10,Northrop T-38C Talon
AE0097,67-14849,T38,10,Northrop T-38C Talon
ADFF79,67-14850,T38,10,Northrop T-38C Talon
AE001E,67-14851,T38,10,Northrop T-38C Talon
ADFFE7,67-14852,T38,10,Northrop T-38C Talon
ADFF52,67-14853,T38,10,Northrop T-38C Talon
ADFF7A,67-14854,T38,10,Northrop T-38C Talon
AE001F,67-14857,T38,10,Northrop T-38C Talon
AE0020,67-14858,T38,10,Northrop T-38C Talon
AE0021,67-14915,T38,10,Northrop T-38C Talon
ADFFE8,67-14916,T38,10,Northrop T-38C Talon
ADFF53,67-14917,T38,10,Northrop T-38C Talon
AE0098,67-14919,T38,10,Northrop T-38C Talon
AE63DB,67-14920,T38,10,Northrop T-38A Talon
AE0022,67-14921,T38,10,Northrop T-38C Talon
AE0023,67-14922,T38,10,Northrop T-38C Talon
AE63FA,67-14923,T38,10,Northrop T-38A Talon
ADFFE9,67-14924,T38,10,Northrop T-38C Talon
AE0102,67-14925,T38,10,Northrop T-38C Talon
ADFFEA,67-14926,T38,10,Northrop T-38C Talon
ADFFEB,67-14927,T38,10,Northrop T-38C Talon
AE0024,67-14928,T38,10,Northrop T-38C Talon
AE0099,67-14929,T38,10,Northrop T-38C Talon
ADFF7C,67-14930,T38,10,Northrop T-38C Talon
AE0025,67-14931,T38,10,Northrop T-38C Talon
ADFFEC,67-14932,T38,10,Northrop T-38C Talon
AE009A,67-14933,T38,10,Northrop T-38C Talon
ADFF7D,67-14934,T38,10,Northrop T-38C Talon
AE009B,67-14935,T38,10,Northrop T-38C Talon
AE0026,67-14936,T38,10,Northrop T-38C Talon
AE009C,67-14937,T38,10,Northrop T-38C Talon
AE63EE,67-14939,T38,10,Northrop T-38A Talon
AE0027,67-14940,T38,10,Northrop T-38C Talon
AE0028,67-14941,T38,10,Northrop T-38C Talon
AE009E,67-14942,T38,10,Northrop T-38C Talon
AE0029,67-14944,T38,10,Northrop T-38C Talon
AE002A,67-14945,T38,10,Northrop T-38C Talon
ADFF54,67-14947,T38,10,Northrop T-38C Talon
AE002B,67-14949,T38,10,Northrop T-38C Talon
ADFFED,67-14951,T38,10,Northrop T-38C Talon
ADFF56,67-14953,T38,10,Northrop T-38C Talon
ADFFEE,67-14955,T38,10,Northrop T-38C Talon
ADFF7E,67-14957,T38,10,Northrop T-38C Talon
AE002C,67-14958,T38,10,Northrop T-38C Talon
AE002D,68-8096,T38,10,Northrop T-38C Talon
AE00EA,68-8097,T38,10,Northrop T-38C Talon
ADFF7F,68-8098,T38,10,Northrop T-38C Talon
ADFF81,68-8101,T38,10,Northrop T-38C Talon
AE002E,68-8102,T38,10,Northrop T-38C Talon
ADFF83,68-8105,T38,10,Northrop T-38C Talon
AE00CE,68-8106,T38,10,Northrop T-38C Talon
AE00CF,68-8109,T38,10,Northrop T-38C Talon
AE002F,68-8110,T38,10,Northrop T-38C Talon
ADFF57,68-8112,T38,10,Northrop T-38C Talon
AE0030,68-8117,T38,10,Northrop T-38C Talon
ADFFEF,68-8118,T38,10,Northrop T-38C Talon
AE00EC,68-8120,T38,10,Northrop T-38C Talon
ADFFF0,68-8121,T38,10,Northrop T-38C Talon
ADFF58,68-8124,T38,10,Northrop T-38C Talon
ADFF86,68-8125,T38,10,Northrop T-38C Talon
ADFF87,68-8127,T38,10,Northrop T-38C Talon
ADFFF1,68-8128,T38,10,Northrop T-38C Talon
AE009F,68-8129,T38,10,Northrop T-38C Talon
AE0031,68-8130,T38,10,Northrop T-38C Talon
ADFF59,68-8132,T38,10,Northrop T-38C Talon
ADFF5A,68-8134,T38,10,Northrop T-38C Talon
ADFF5B,68-8135,T38,10,Northrop T-38C Talon
ADFF5C,68-8136,T38,10,Northrop T-38C Talon
ADFF5D,68-8137,T38,10,Northrop T-38C Talon
AE0103,68-8138,T38,10,Northrop T-38C Talon
AE63FB,68-8139,T38,10,Northrop T-38A Talon
AE00D0,68-8140,T38,10,Northrop T-38C Talon
AE00ED,68-8142,T38,10,Northrop T-38C Talon
ADFF5E,68-8143,T38,10,Northrop T-38C Talon
AE0032,68-8144,T38,10,Northrop T-38C Talon
AE00A0,68-8145,T38,10,Northrop T-38C Talon
ADFFF2,68-8147,T38,10,Northrop T-38C Talon
ADFF89,68-8148,T38,10,Northrop T-38C Talon
AE63FC,68-8150,T38,10,Northrop T-38A Talon
ADFF8A,68-8151,T38,10,Northrop T-38C Talon
AE63F4,68-8154,T38,10,Northrop T-38A Talon
AE00A1,68-8155,T38,10,Northrop T-38C Talon
ADFF8B,68-8157,T38,10,Northrop T-38C Talon
AE0033,68-8159,T38,10,Northrop T-38C Talon
AE0034,68-8160,T38,10,Northrop T-38C Talon
AE0104,68-8161,T38,10,Northrop T-38C Talon
ADFF8C,68-8162,T38,10,Northrop T-38C Talon
ADFF8D,68-8163,T38,10,Northrop T-38C Talon
ADFF8E,68-8164,T38,10,Northrop T-38C Talon
AE0105,68-8165,T38,10,Northrop T-38C Talon
ADFF8F,68-8166,T38,10,Northrop T-38C Talon
ADFF90,68-8167,T38,10,Northrop T-38C Talon
AE0106,68-8168,T38,10,Northrop T-38C Talon
AE00EE,68-8169,T38,10,Northrop T-38C Talon
ADFF91,68-8170,T38,10,Northrop T-38C Talon
AE0035,68-8171,T38,10,Northrop T-38C Talon
AE63FD,68-8172,T38,10,Northrop T-38A Talon
AE0036,68-8173,T38,10,Northrop T-38C Talon
AE63FE,68-8177,T38,10,Northrop T-38A Talon
AE63DC,68-8179,T38,10,Northrop T-38A Talon
ADFF92,68-8180,T38,10,Northrop T-38C Talon
AE63F3,68-8185,T38,10,Northrop T-38A Talon
AE63FF,68-8186,T38,10,Northrop T-38A Talon
ADFF94,68-8187,T38,10,Northrop T-38C Talon
ADFF95,68-8188,T38,10,Northrop T-38C Talon
AE00EF,68-8189,T38,10,Northrop T-38C Talon
ADFF5F,68-8190,T38,10,Northrop T-38C Talon
ADFF60,68-8191,T38,10,Northrop T-38C Talon
ADFFF4,68-8192,T38,10,Northrop T-38C Talon
AE0037,68-8193,T38,10,Northrop T-38C Talon
AE00F0,68-8195,T38,10,Northrop T-38C Talon
AE0038,68-8196,T38,10,Northrop T-38C Talon
AE00F1,68-8197,T38,10,Northrop T-38C Talon
ADFF96,68-8198,T38,10,Northrop T-38C Talon
ADFF98,68-8200,T38,10,Northrop T-38C Talon
AE00F2,68-8201,T38,10,Northrop T-38C Talon
ADFF99,68-8202,T38,10,Northrop T-38C Talon
AE00A2,68-8203,T38,10,Northrop T-38C Talon
AE6400,68-8204,T38,10,Northrop T-38A Talon
AE6403,68-8205,T38,10,Northrop T-38A Talon
ADFF9A,68-8207,T38,10,Northrop T-38C Talon
ADFF9B,68-8208,T38,10,Northrop T-38C Talon
AE003A,68-8210,T38,10,Northrop T-38C Talon
ADFF9C,68-8211,T38,10,Northrop T-38C Talon
ADFF61,68-8213,T38,10,Northrop T-38C Talon
ADFF9D,68-8215,T38,10,Northrop T-38C Talon
ADFFF5,68-8217,T38,10,Northrop T-38C Talon
AE00A3,69-7073,T38,10,Northrop T-38C Talon
ADFF9E,69-7074,T38,10,Northrop T-38C Talon
ADFF9F,69-7075,T38,10,Northrop T-38C Talon
ADFFA0,69-7076,T38,10,Northrop T-38C Talon
AE00A4,69-7077,T38,10,Northrop T-38C Talon
ADFFA1,69-7078,T38,10,Northrop T-38C Talon
AE003B,69-7079,T38,10,Northrop T-38C Talon
AE003C,69-7080,T38,10,Northrop T-38C Talon
ADFF62,69-7083,T38,10,Northrop T-38C Talon
ADFF63,69-7085,T38,10,Northrop T-38C Talon
ADFF64,69-7087,T38,10,Northrop T-38C Talon
ADFF65,70-1549,T38,10,Northrop T-38C Talon
ADFFF7,70-1551,T38,10,Northrop T-38C Talon
ADFFF8,70-1553,T38,10,Northrop T-38C Talon
ADFF66,70-1554,T38,10,Northrop T-38C Talon
AE00A5,70-1557,T38,10,Northrop T-38C Talon
AE6401,70-1559,T38,10,Northrop T-38A Talon
ADFFF9,70-1561,T38,10,Northrop T-38C Talon
AE003D,70-1562,T38,10,Northrop T-38C Talon
ADFFA2,70-1563,T38,10,Northrop T-38C Talon
AE003E,70-1564,T38,10,Northrop T-38C Talon
AE003F,70-1565,T38,10,Northrop T-38C Talon
ADFFA4,70-1567,T38,10,Northrop T-38C Talon
ADFFFA,70-1568,T38,10,Northrop T-38C Talon
ADFFA5,70-1569,T38,10,Northrop T-38C Talon
AE00A6,70-1570,T38,10,Northrop T-38C Talon
AE0040,70-1571,T38,10,Northrop T-38C Talon
AE0041,70-1573,T38,10,Northrop T-38C Talon
AE6402,70-1574,T38,10,Northrop T-38A Talon
ADFFA6,70-1576,T38,10,Northrop T-38C Talon
ADFFA7,70-1577,T38,10,Northrop T-38C Talon
AE00A7,70-1578,T38,10,Northrop T-38C Talon
AE0042,70-1581,T38,10,Northrop T-38C Talon
ADFFA8,70-1583,T38,10,Northrop T-38C Talon
AE0043,70-1584,T38,10,Northrop T-38C Talon
ADFFFC,70-1585,T38,10,Northrop T-38C Talon
AE0044,70-1589,T38,10,Northrop T-38C Talon
ADFFA9,70-1590,T38,10,Northrop T-38C Talon
AE0045,70-1950,T38,10,Northrop T-38C Talon
ADFF68,70-1951,T38,10,Northrop T-38C Talon
ADFFAA,70-1952,T38,10,Northrop T-38C Talon
ADFFFE,70-1953,T38,10,Northrop T-38C Talon
ADFFFF,70-1954,T38,10,Northrop T-38C Talon
AE0046,70-1955,T38,10,Northrop T-38C Talon
