AE26F6,09-0046,V22,10,Bell/Boeing CV-22B Osprey
AE26F7,05-0029,V22,10,Bell/Boeing CV-22B Osprey
AE26F9,09-0043,V22,10,Bell/Boeing CV-22B Osprey
AE498A,08-0036,V22,10,Bell/Boeing CV-22B Osprey
AE498B,08-0037,V22,10,Bell/Boeing CV-22B Osprey
AE498D,08-0039,V22,10,Bell/Boeing CV-22B Osprey
AE4A7E,06-0033,V22,10,Bell/Boeing CV-22B Osprey
AE4A7F,07-0034,V22,10,Bell/Boeing CV-22B Osprey
AE4BFF,168008,V22,10,Bell/Boeing MV-22B Osprey
AE4C04,165944,V22,10,Bell/Boeing MV-22B Osprey
AE4ECC,09-0045,V22,10,Bell/Boeing CV-22B Osprey
AE4ECE,10-0052,V22,10,Bell/Boeing CV-22B Osprey
AE4EE9,08-0041,V22,10,Bell/Boeing CV-22B Osprey
AE4EEA,09-0042,V22,10,Bell/Boeing CV-22B Osprey
AE4EEB,08-0047,V22,10,Bell/Boeing CV-22B Osprey
AE4EEC,10-0053,V22,10,Bell/Boeing CV-22B Osprey
AE4EED,10-0054,V22,10,Bell/Boeing CV-22B Osprey
AE4EEE,10-0055,V22,10,Bell/Boeing CV-22B Osprey
AE4EEF,11-0056,V22,10,Bell/Boeing CV-22B Osprey
AE4EF3,166491,V22,10,Bell/Boeing MV-22B Osprey
AE520F,165852,V22,10,Bell/Boeing MV-22B Osprey
AE5405,08-0049,V22,10,Bell/Boeing CV-22B Osprey
AE5406,08-0050,V22,10,Bell/Boeing CV-22B Osprey
AE5407,08-0051,V22,10,Bell/Boeing CV-22B Osprey
AE5409,11-0057,V22,10,Bell/Boeing CV-22B Osprey
AE540A,11-0058,V22,10,Bell/Boeing CV-22B Osprey
AE540C,11-0060,V22,10,Bell/Boeing CV-22B Osprey
AE540D,11-0061,V22,10,Bell/Boeing CV-22B Osprey
AE571C,12-0062,V22,10,Bell/Boeing CV-22B Osprey
AE571D,12-0063,V22,10,Bell/Boeing CV-22B Osprey
AE571E,12-0064,V22,10,Bell/Boeing CV-22B Osprey
AE571F,12-0065,V22,10,Bell/Boeing CV-22B Osprey
AE5720,12-0066,V22,10,Bell/Boeing CV-22B Osprey
AE5721,12-0067,V22,10,Bell/Boeing CV-22B Osprey
AE5722,13-0068,V22,10,Bell/Boeing CV-22B Osprey
AE5723,13-0069,V22,10,Bell/Boeing CV-22B Osprey
AE5724,13-0070,V22,10,Bell/Boeing CV-22B Osprey
AE5725,14-0071,V22,10,Bell/Boeing CV-22B Osprey
AE5726,14-0072,V22,10,Bell/Boeing CV-22B Osprey
AE5728,14-0074,V22,10,Bell/Boeing CV-22B Osprey
AE5928,165842,V22,10,Bell/Boeing MV-22B Osprey
AE5DCB,168624,V22,10,Bell/Boeing MV-22B Osprey
AE5DCC,168625,V22,10,Bell/Boeing MV-22B Osprey
AE61AD,14-0075,V22,10,Bell/Boeing CV-22B Osprey
AE640B,11-0059,V22,10,Bell/Boeing CV-22B Osprey
AE64B7,168679,V22,10,Bell/Boeing MV-22B Osprey
AE64B8,168680,V22,10,Bell/Boeing MV-22B Osprey
AE64BF,168687,V22,10,Bell/Boeing MV-22B Osprey
AE64C2,168690,V22,10,Bell/Boeing MV-22B Osprey
AE64C3,168691,V22,10,Bell/Boeing MV-22B Osprey
AE64C5,168693,V22,10,Bell/Boeing MV-22B Osprey
AE6AA2,168695,V22,10,Bell/Boeing MV-22B Osprey
AE6B94,169435,V22,10,Bell/Boeing CMV-22B Osprey
AE6B95,169436,V22,10,Bell/Boeing CMV-22B Osprey
AE6B96,169437,V22,10,Bell/Boeing CMV-22B Osprey
AE6B97,169438,V22,10,Bell/Boeing CMV-22B Osprey
AE6B98,169439,V22,10,Bell/Boeing CMV-22B Osprey
AE6B99,169440,V22,10,Bell/Boeing CMV-22B Osprey
AE6B9A,169441,V22,10,Bell/Boeing CMV-22B Osprey
AE6B9B,169442,V22,10,Bell/Boeing CMV-22B Osprey
AE6B9C,169443,V22,10,Bell/Boeing CMV-22B Osprey
AE6B9D,169444,V22,10,Bell/Boeing CMV-22B Osprey
AE6B9E,169445,V22,10,Bell/Boeing CMV-22B Osprey
AE6B9F,169446,V22,10,Bell/Boeing CMV-22B Osprey
AE6BA0,169447,V22,10,Bell/Boeing CMV-22B Osprey
AE6BA1,169448,V22,10,Bell/Boeing CMV-22B Osprey
AE6BA2,169449,V22,10,Bell/Boeing CMV-22B Osprey
AE6BA3,169450,V22,10,Bell/Boeing CMV-22B Osprey
AE6BA4,169451,V22,10,Bell/Boeing CMV-22B Osprey
AE6BA5,169452,V22,10,Bell/Boeing CMV-22B Osprey
AE6BA6,169453,V22,10,Bell/Boeing CMV-22B Osprey
AE6BA7,169454,V22,10,Bell/Boeing CMV-22B Osprey
AE6BA8,169455,V22,10,Bell/Boeing CMV-22B Osprey
